path,times_optimized,avg_percent_optimized,avg_optimized_throughput_kb/s
AZURE_FRANCE_CENTRAL -> AZURE_US_EAST -> GCP_US_CENTRAL_1,1920,6.585784142804546,76.04916947382503
GCP_ASIA_EAST_1 -> AZURE_FRANCE_CENTRAL -> AWS_EU_CENTRAL_1_FRANKFURT,1919,7.681520098672564,41.487544788479
AZURE_US_EAST -> GCP_US_CENTRAL_1 -> GCP_ASIA_EAST_1,1919,7.2736008919813795,48.700508643744115
AZURE_FRANCE_CENTRAL -> AZURE_US_EAST -> GCP_US_SOUTH_1,1918,7.183993592577346,75.26032593466675
AZURE_JAPAN_EAST -> AZURE_FRANCE_CENTRAL -> AWS_EU_CENTRAL_1_FRANKFURT,1917,6.900988687318906,38.64765023658026
AWS_EU_CENTRAL_1_FRANKFURT -> AZURE_FRANCE_CENTRAL -> GCP_ASIA_EAST_1,1914,30.905620269450523,132.3633193744211
GCP_ASIA_EAST_1 -> AZURE_FRANCE_CENTRAL -> AWS_EU_NORTH_1_STOCKHOLM,1914,9.085825219674813,44.66416495240162
GCP_US_CENTRAL_1 -> AZURE_US_EAST -> AZURE_FRANCE_CENTRAL,1913,5.52174968513933,64.52451616926965
GCP_AUSTRALIA_SOUTHEAST_1 -> AZURE_FRANCE_CENTRAL -> AWS_EU_CENTRAL_1_FRANKFURT,1911,2.5471553842929335,12.222145112921055
AZURE_JAPAN_EAST -> AZURE_FRANCE_CENTRAL -> AWS_EU_NORTH_1_STOCKHOLM,1911,6.679773918745502,34.486697339654484
GCP_ASIA_EAST_1 -> GCP_US_CENTRAL_1 -> AZURE_US_EAST,1909,5.8694595059876535,39.88706413171451
GCP_US_SOUTH_1 -> AZURE_US_EAST -> AZURE_FRANCE_CENTRAL,1908,6.369192460830776,67.43349319097433
AZURE_BRAZIL_SOUTH -> AZURE_US_EAST -> AZURE_JAPAN_EAST,1908,3.1167242580269336,14.918165327733789
AWS_EU_CENTRAL_1_FRANKFURT -> AZURE_FRANCE_CENTRAL -> AZURE_JAPAN_EAST,1892,27.86614252428944,127.00331675701585
GCP_ASIA_EAST_1 -> AZURE_FRANCE_CENTRAL -> GCP_EUROPE_NORTH_1,1865,7.66045450940358,36.886616075209076
AZURE_JAPAN_EAST -> AZURE_US_EAST -> AZURE_BRAZIL_SOUTH,1852,2.7826048257533516,13.301668215582424
GCP_EUROPE_NORTH_1 -> AZURE_FRANCE_CENTRAL -> GCP_ASIA_EAST_1,1845,6.9203757922822735,33.29062250626987
AWS_EU_CENTRAL_1_FRANKFURT -> AZURE_FRANCE_CENTRAL -> GCP_AUSTRALIA_SOUTHEAST_1,1839,28.491250973052075,105.83265163997157
AWS_EU_CENTRAL_1_FRANKFURT -> AZURE_FRANCE_CENTRAL -> AZURE_SOUTH_AFRICA_NORTH,1792,24.691745391577882,141.09251486220114
AWS_SA_EAST_1_SAO_PAULO -> AZURE_BRAZIL_SOUTH -> AWS_EU_NORTH_1_STOCKHOLM,1789,41.99848627625301,181.36555121792776
AZURE_JAPAN_EAST -> AZURE_US_EAST -> AWS_SA_EAST_1_SAO_PAULO,1783,4.50314934331759,21.15358320482403
AWS_US_EAST_2_OHIO -> GCP_US_CENTRAL_1 -> GCP_ASIA_EAST_1,1738,23.477834980266973,133.00933482152368
AWS_SA_EAST_1_SAO_PAULO -> AZURE_BRAZIL_SOUTH -> AWS_EU_CENTRAL_1_FRANKFURT,1727,27.164074991923076,141.8040624998323
AWS_SA_EAST_1_SAO_PAULO -> AZURE_BRAZIL_SOUTH -> AZURE_FRANCE_CENTRAL,1711,24.013811886891567,133.99382648677977
AWS_SA_EAST_1_SAO_PAULO -> AZURE_BRAZIL_SOUTH -> AZURE_US_EAST,1684,17.81515838823905,161.57214123955305
AWS_EU_CENTRAL_1_FRANKFURT -> AZURE_FRANCE_CENTRAL -> AZURE_BRAZIL_SOUTH,1665,20.270294841327004,111.91086374955137
AWS_SA_EAST_1_SAO_PAULO -> AZURE_BRAZIL_SOUTH -> AZURE_SOUTH_AFRICA_NORTH,1652,28.958922478808745,84.68116794628276
AWS_SA_EAST_1_SAO_PAULO -> AZURE_BRAZIL_SOUTH -> GCP_EUROPE_NORTH_1,1638,27.517409528378145,128.20046666795378
AWS_EU_NORTH_1_STOCKHOLM -> AZURE_FRANCE_CENTRAL -> GCP_ASIA_EAST_1,1562,22.37238030793813,95.62931375669717
AWS_EU_NORTH_1_STOCKHOLM -> AZURE_FRANCE_CENTRAL -> AZURE_JAPAN_EAST,1555,22.80336596208575,100.6345209646675
AWS_EU_CENTRAL_1_FRANKFURT -> AZURE_FRANCE_CENTRAL -> AWS_SA_EAST_1_SAO_PAULO,1554,24.779108562747584,129.9334498907274
AWS_US_EAST_2_OHIO -> AZURE_US_EAST -> AZURE_SOUTH_AFRICA_NORTH,1547,26.72435671530142,107.30414490512345
AWS_EU_CENTRAL_1_FRANKFURT -> AZURE_FRANCE_CENTRAL -> AWS_US_EAST_2_OHIO,1529,28.190563429435233,272.7288835652961
AWS_SA_EAST_1_SAO_PAULO -> AZURE_BRAZIL_SOUTH -> AZURE_US_EAST -> AZURE_JAPAN_EAST,1523,25.03934886455495,95.63235878726243
AWS_US_EAST_2_OHIO -> AZURE_US_EAST -> AWS_EU_NORTH_1_STOCKHOLM,1510,41.44994926674925,311.14458695179337
AWS_EU_CENTRAL_1_FRANKFURT -> AZURE_FRANCE_CENTRAL -> AZURE_US_EAST,1494,18.9741610187525,217.6745949029496
AWS_SA_EAST_1_SAO_PAULO -> AZURE_BRAZIL_SOUTH -> AWS_US_WEST_1_CALIFORNIA,1464,23.405252192958976,137.78248080920446
AWS_SA_EAST_1_SAO_PAULO -> AZURE_BRAZIL_SOUTH -> GCP_AUSTRALIA_SOUTHEAST_1,1458,27.38315252480435,90.20476815638682
AWS_SA_EAST_1_SAO_PAULO -> AZURE_BRAZIL_SOUTH -> AWS_US_EAST_2_OHIO,1452,23.497633686984802,187.7865187812995
AWS_EU_NORTH_1_STOCKHOLM -> AZURE_FRANCE_CENTRAL -> GCP_AUSTRALIA_SOUTHEAST_1,1445,13.795354429519577,54.51888221785583
AWS_US_EAST_2_OHIO -> AZURE_US_EAST -> AZURE_FRANCE_CENTRAL,1436,21.264498011632263,230.45505477074153
AWS_US_EAST_2_OHIO -> AZURE_US_EAST -> AZURE_BRAZIL_SOUTH,1417,18.878375427126045,156.05121774417273
AWS_US_EAST_2_OHIO -> AZURE_US_EAST -> GCP_EUROPE_NORTH_1,1363,20.78087717481155,182.03817300657806
AWS_EU_NORTH_1_STOCKHOLM -> AZURE_FRANCE_CENTRAL -> AZURE_SOUTH_AFRICA_NORTH,1328,15.997410476249835,90.05570495208565
AWS_US_EAST_2_OHIO -> AZURE_US_EAST -> AWS_SA_EAST_1_SAO_PAULO,1322,16.516923213483622,139.38449877786468
AWS_US_EAST_2_OHIO -> AZURE_US_EAST -> AWS_EU_CENTRAL_1_FRANKFURT,1317,21.573496664239165,217.07190367166857
AWS_EU_NORTH_1_STOCKHOLM -> AZURE_FRANCE_CENTRAL -> AZURE_BRAZIL_SOUTH,1220,13.193738772844918,71.24328006151507
AWS_US_EAST_2_OHIO -> GCP_US_CENTRAL_1 -> GCP_AUSTRALIA_SOUTHEAST_1,1174,25.040359705718117,127.9845218146753
AZURE_BRAZIL_SOUTH -> AZURE_US_EAST -> GCP_US_CENTRAL_1 -> GCP_ASIA_EAST_1,1137,5.205452465667705,21.993319982397054
AZURE_BRAZIL_SOUTH -> AZURE_US_EAST -> GCP_US_CENTRAL_1,1137,1.4042694751965867,13.019442216027755
GCP_ASIA_EAST_1 -> GCP_US_CENTRAL_1 -> AZURE_BRAZIL_SOUTH,1128,4.537427563202398,19.290330357955497
AZURE_FRANCE_CENTRAL -> AWS_US_EAST_2_OHIO -> AWS_US_WEST_2_OREGON,1118,7.248404732836102,59.93559716631319
AZURE_US_EAST -> AWS_US_EAST_2_OHIO -> AWS_US_WEST_2_OREGON,1089,14.217136083898419,225.03630420092077
AWS_US_WEST_2_OREGON -> AWS_US_EAST_2_OHIO -> AZURE_US_EAST,1032,27.642014200232712,349.68834112173
AWS_EU_CENTRAL_1_FRANKFURT -> AZURE_FRANCE_CENTRAL -> AZURE_US_EAST -> GCP_US_CENTRAL_1,1025,22.028078002706568,193.7559356953326
AWS_SA_EAST_1_SAO_PAULO -> AZURE_BRAZIL_SOUTH -> GCP_US_SOUTH_1,985,23.168052719647523,158.05571397106814
GCP_US_SOUTH_1 -> AWS_SA_EAST_1_SAO_PAULO -> AZURE_BRAZIL_SOUTH,944,1.060887186013012,9.506978298512081
AWS_EU_NORTH_1_STOCKHOLM -> AZURE_FRANCE_CENTRAL -> AZURE_US_EAST,937,9.9586411616457,105.33535194384717
AWS_EU_NORTH_1_STOCKHOLM -> AZURE_FRANCE_CENTRAL -> AWS_SA_EAST_1_SAO_PAULO,929,17.056921359385296,87.85781121322407
GCP_ASIA_EAST_1 -> GCP_US_CENTRAL_1 -> AWS_SA_EAST_1_SAO_PAULO,918,1.1394832931712524,5.045288038210629
AZURE_SOUTH_AFRICA_NORTH -> AWS_US_EAST_2_OHIO -> AWS_US_WEST_2_OREGON,916,4.0832296197885345,16.875258692066268
AWS_US_WEST_1_CALIFORNIA -> GCP_US_CENTRAL_1 -> AWS_EU_NORTH_1_STOCKHOLM,900,44.25850037747055,232.88220420107314
AZURE_BRAZIL_SOUTH -> AWS_US_EAST_2_OHIO -> AWS_US_WEST_2_OREGON,898,4.84601414026597,33.42345507650464
AWS_EU_CENTRAL_1_FRANKFURT -> AZURE_FRANCE_CENTRAL -> AZURE_US_EAST -> GCP_US_SOUTH_1,876,20.977928927842207,172.86514370006864
AWS_SA_EAST_1_SAO_PAULO -> AZURE_BRAZIL_SOUTH -> AZURE_US_EAST -> GCP_US_CENTRAL_1,866,26.07553478357765,182.8248113705788
AZURE_JAPAN_EAST -> AWS_US_WEST_2_OREGON -> AWS_US_EAST_2_OHIO,860,9.741266332525603,75.20593454538323
AZURE_FRANCE_CENTRAL -> AZURE_US_EAST -> AWS_US_WEST_1_CALIFORNIA,859,1.6200401736803414,14.531176804428469
GCP_EUROPE_NORTH_1 -> AWS_US_EAST_2_OHIO -> AWS_US_WEST_2_OREGON,853,5.584317536480782,41.01881044039044
AWS_EU_NORTH_1_STOCKHOLM -> AZURE_FRANCE_CENTRAL -> AWS_US_EAST_2_OHIO,807,16.992397592784258,155.68380448185258
AZURE_SOUTH_AFRICA_NORTH -> AZURE_US_EAST -> GCP_US_SOUTH_1,801,1.950603759252451,9.2566138932076
AWS_SA_EAST_1_SAO_PAULO -> AZURE_BRAZIL_SOUTH -> AZURE_US_EAST -> GCP_US_CENTRAL_1 -> GCP_ASIA_EAST_1,789,24.412015958737804,84.7019810714865
AZURE_BRAZIL_SOUTH -> GCP_US_CENTRAL_1 -> GCP_ASIA_EAST_1,782,4.700722505481085,19.848897126964005
GCP_US_CENTRAL_1 -> AZURE_US_EAST -> AZURE_BRAZIL_SOUTH,762,0.8493054180730999,7.964283162065385
AWS_US_WEST_2_OREGON -> AZURE_JAPAN_EAST -> GCP_ASIA_EAST_1,759,19.379413115421933,133.43787305025478
AWS_US_EAST_2_OHIO -> AZURE_US_EAST -> AZURE_JAPAN_EAST,756,25.3715386371266,156.13239247115916
AZURE_SOUTH_AFRICA_NORTH -> AZURE_US_EAST -> AWS_US_WEST_1_CALIFORNIA,754,1.803336551351074,7.737762639160167
GCP_ASIA_EAST_1 -> GCP_US_CENTRAL_1 -> AZURE_US_EAST -> AZURE_BRAZIL_SOUTH,752,5.033958303541732,21.366608316246584
AZURE_JAPAN_EAST -> GCP_US_SOUTH_1 -> GCP_US_CENTRAL_1,748,1.1004997741184384,9.635281036159995
GCP_AUSTRALIA_SOUTHEAST_1 -> AZURE_FRANCE_CENTRAL -> AWS_EU_NORTH_1_STOCKHOLM,729,0.4758554420950877,2.184317177536343
AWS_US_WEST_2_OREGON -> AWS_US_EAST_2_OHIO -> AZURE_US_EAST -> AZURE_SOUTH_AFRICA_NORTH,690,30.63266129404169,97.22212292894841
AWS_US_WEST_2_OREGON -> AWS_US_EAST_2_OHIO -> AZURE_US_EAST -> AZURE_FRANCE_CENTRAL,668,26.92993816259165,174.17673435475626
AWS_US_WEST_1_CALIFORNIA -> GCP_US_CENTRAL_1 -> GCP_EUROPE_NORTH_1,664,24.704062019316474,147.34769280157877
AWS_US_WEST_1_CALIFORNIA -> GCP_US_SOUTH_1 -> AWS_SA_EAST_1_SAO_PAULO,661,20.100194860726198,118.32660489544321
AWS_US_WEST_1_CALIFORNIA -> GCP_US_CENTRAL_1 -> AZURE_SOUTH_AFRICA_NORTH,654,28.435898067389715,93.85371702665083
AWS_US_WEST_1_CALIFORNIA -> AZURE_US_EAST -> AZURE_FRANCE_CENTRAL,648,22.689919681426225,157.57126916675816
AWS_SA_EAST_1_SAO_PAULO -> AZURE_BRAZIL_SOUTH -> GCP_US_CENTRAL_1,602,23.041997014268077,163.7539132761517
AZURE_SOUTH_AFRICA_NORTH -> AZURE_US_EAST -> GCP_US_CENTRAL_1,600,1.6010683344460042,7.884446386018055
AWS_US_WEST_1_CALIFORNIA -> GCP_US_CENTRAL_1 -> AWS_EU_CENTRAL_1_FRANKFURT,597,22.13960721113001,148.59527544544255
AWS_US_WEST_2_OREGON -> AWS_US_EAST_2_OHIO -> AZURE_US_EAST -> AZURE_BRAZIL_SOUTH,580,22.161323496094838,123.80010840682746
AWS_SA_EAST_1_SAO_PAULO -> AZURE_BRAZIL_SOUTH -> AWS_US_EAST_2_OHIO -> AWS_US_WEST_2_OREGON,553,20.390292921087937,117.18809538211485
AWS_EU_CENTRAL_1_FRANKFURT -> AZURE_FRANCE_CENTRAL -> AWS_US_EAST_2_OHIO -> AWS_US_WEST_2_OREGON,551,20.947582345160757,138.6568577619405
AWS_US_WEST_1_CALIFORNIA -> AZURE_JAPAN_EAST -> GCP_ASIA_EAST_1,533,19.282754926370448,126.76566670587204
AWS_US_EAST_2_OHIO -> GCP_US_SOUTH_1 -> GCP_AUSTRALIA_SOUTHEAST_1,532,23.591352430438523,121.55376034831636
AWS_EU_CENTRAL_1_FRANKFURT -> AZURE_FRANCE_CENTRAL -> AZURE_US_EAST -> AWS_US_WEST_1_CALIFORNIA,528,25.4854236405548,166.82108742766854
AWS_EU_CENTRAL_1_FRANKFURT -> AZURE_FRANCE_CENTRAL -> AWS_US_WEST_1_CALIFORNIA,518,22.834332332745362,152.41946490762496
AWS_SA_EAST_1_SAO_PAULO -> AZURE_BRAZIL_SOUTH -> GCP_US_CENTRAL_1 -> GCP_ASIA_EAST_1,518,26.858458198991013,90.89569119376824
AWS_US_WEST_2_OREGON -> AWS_US_EAST_2_OHIO -> AZURE_US_EAST -> GCP_EUROPE_NORTH_1,517,25.510357015358192,146.66838568878518
GCP_US_SOUTH_1 -> AZURE_US_EAST -> AZURE_SOUTH_AFRICA_NORTH,515,1.8069645469034303,8.60073238006936
AWS_US_WEST_1_CALIFORNIA -> GCP_US_CENTRAL_1 -> AZURE_US_EAST,497,16.914738664190583,240.0390087038004
AWS_US_WEST_1_CALIFORNIA -> AZURE_US_EAST -> AZURE_BRAZIL_SOUTH,495,18.11861443309189,107.77936387755233
AWS_EU_NORTH_1_STOCKHOLM -> GCP_US_CENTRAL_1 -> AWS_US_WEST_1_CALIFORNIA,493,17.61344936077852,113.69259796899928
AWS_US_EAST_2_OHIO -> GCP_US_SOUTH_1 -> AZURE_JAPAN_EAST,491,23.23294920790383,145.24920021196374
AWS_US_WEST_2_OREGON -> GCP_US_SOUTH_1 -> GCP_US_CENTRAL_1,485,21.14958056833281,291.4198476871443
AWS_US_WEST_2_OREGON -> AWS_US_WEST_1_CALIFORNIA -> GCP_AUSTRALIA_SOUTHEAST_1,473,19.213378961522768,108.48290009919901
AWS_US_WEST_2_OREGON -> AWS_SA_EAST_1_SAO_PAULO -> AZURE_BRAZIL_SOUTH,470,23.39610957467921,128.94966782308063
AWS_EU_NORTH_1_STOCKHOLM -> GCP_EUROPE_NORTH_1 -> GCP_US_CENTRAL_1,459,10.695597946177324,92.06228294629318
AWS_EU_NORTH_1_STOCKHOLM -> GCP_EUROPE_NORTH_1 -> GCP_US_SOUTH_1,456,9.793748929377633,80.40214886201625
AWS_US_WEST_1_CALIFORNIA -> AZURE_US_EAST -> AZURE_SOUTH_AFRICA_NORTH,454,28.879460932515965,94.80087402558411
AWS_US_EAST_2_OHIO -> AWS_US_WEST_2_OREGON -> AZURE_JAPAN_EAST,450,31.011557638711874,191.12967559598303
AWS_US_WEST_1_CALIFORNIA -> GCP_US_SOUTH_1 -> GCP_US_CENTRAL_1,439,22.39598159959386,358.4811146595896
AWS_US_WEST_1_CALIFORNIA -> GCP_US_SOUTH_1 -> AWS_EU_NORTH_1_STOCKHOLM,439,42.72777762661786,222.13676078873073
AWS_US_WEST_1_CALIFORNIA -> AWS_US_EAST_2_OHIO -> AZURE_US_EAST,438,18.095624159587768,263.93617028689846
AWS_US_WEST_2_OREGON -> AWS_US_EAST_2_OHIO -> AZURE_US_EAST -> AWS_SA_EAST_1_SAO_PAULO,429,18.3320619876066,106.57617862600318
AWS_SA_EAST_1_SAO_PAULO -> AZURE_BRAZIL_SOUTH -> AWS_US_WEST_2_OREGON,422,21.526038174944286,117.2660290159539
AWS_EU_NORTH_1_STOCKHOLM -> GCP_EUROPE_NORTH_1 -> AWS_US_EAST_2_OHIO,417,15.85612061723361,144.16597513587044
AWS_US_WEST_2_OREGON -> AWS_US_EAST_2_OHIO -> AZURE_US_EAST -> AWS_EU_NORTH_1_STOCKHOLM,412,32.49554679753821,177.91715028552755
AWS_EU_CENTRAL_1_FRANKFURT -> AWS_EU_NORTH_1_STOCKHOLM -> GCP_EUROPE_NORTH_1,405,21.57765960226328,573.0117209854875
AWS_US_WEST_1_CALIFORNIA -> GCP_US_CENTRAL_1 -> AZURE_US_EAST -> AZURE_FRANCE_CENTRAL,403,21.17497582147993,144.56624498604208
AWS_EU_NORTH_1_STOCKHOLM -> GCP_US_CENTRAL_1 -> GCP_US_SOUTH_1,399,10.53768765671295,88.41689997559524
AZURE_SOUTH_AFRICA_NORTH -> AZURE_BRAZIL_SOUTH -> AWS_SA_EAST_1_SAO_PAULO,397,1.2113158589172626,4.583256542122513
AWS_US_WEST_1_CALIFORNIA -> GCP_US_SOUTH_1 -> GCP_EUROPE_NORTH_1,392,23.562726987224792,139.2695832031451
AWS_US_WEST_1_CALIFORNIA -> AZURE_US_EAST -> AWS_EU_CENTRAL_1_FRANKFURT,377,22.40327673777186,150.18358820942194
AWS_US_WEST_1_CALIFORNIA -> AWS_US_WEST_2_OREGON -> AZURE_JAPAN_EAST,377,12.31319128501326,102.54552969904432
GCP_EUROPE_NORTH_1 -> AZURE_US_EAST -> AWS_US_WEST_1_CALIFORNIA,368,1.002460694229591,7.833373790499877
GCP_US_CENTRAL_1 -> AZURE_US_EAST -> AZURE_SOUTH_AFRICA_NORTH,367,1.1072582571085015,5.48972149034546
AZURE_SOUTH_AFRICA_NORTH -> AZURE_US_EAST -> AWS_US_EAST_2_OHIO,359,2.4041739318661386,12.364951804270845
AWS_EU_NORTH_1_STOCKHOLM -> AWS_EU_CENTRAL_1_FRANKFURT -> AZURE_FRANCE_CENTRAL -> GCP_ASIA_EAST_1,357,21.35606699910835,91.52581322707437
AWS_EU_NORTH_1_STOCKHOLM -> AWS_EU_CENTRAL_1_FRANKFURT -> AZURE_FRANCE_CENTRAL,357,9.7022082362437,322.24063072040417
GCP_US_CENTRAL_1 -> GCP_US_SOUTH_1 -> AZURE_JAPAN_EAST,355,0.8924582056240188,7.9029914475021315
AWS_US_WEST_2_OREGON -> AWS_EU_CENTRAL_1_FRANKFURT -> AWS_EU_NORTH_1_STOCKHOLM,354,33.55012484161697,186.09771208552058
AWS_EU_NORTH_1_STOCKHOLM -> AWS_EU_CENTRAL_1_FRANKFURT -> AZURE_FRANCE_CENTRAL -> AZURE_JAPAN_EAST,353,22.074617778059977,97.44671471614623
AWS_US_WEST_2_OREGON -> GCP_US_CENTRAL_1 -> AZURE_SOUTH_AFRICA_NORTH,350,29.03862230548237,91.23207869776144
AWS_US_WEST_1_CALIFORNIA -> AZURE_US_EAST -> GCP_EUROPE_NORTH_1,348,22.808132552882647,138.0669775629733
AWS_US_WEST_2_OREGON -> AWS_US_EAST_2_OHIO -> AZURE_US_EAST -> AWS_EU_CENTRAL_1_FRANKFURT,342,16.815985555957482,113.89299561680878
GCP_EUROPE_NORTH_1 -> AWS_EU_NORTH_1_STOCKHOLM -> AWS_US_WEST_2_OREGON,325,7.360661273549159,54.02387222765378
AWS_US_EAST_2_OHIO -> GCP_US_CENTRAL_1 -> GCP_US_SOUTH_1,322,19.265920326983384,446.31818993800516
AWS_US_WEST_1_CALIFORNIA -> AZURE_US_EAST -> AWS_SA_EAST_1_SAO_PAULO,319,18.587561430828746,110.5632734452422
AWS_EU_NORTH_1_STOCKHOLM -> AWS_EU_CENTRAL_1_FRANKFURT -> AZURE_FRANCE_CENTRAL -> GCP_AUSTRALIA_SOUTHEAST_1,315,13.476506856740201,53.170792344621134
AWS_US_WEST_1_CALIFORNIA -> AWS_US_EAST_2_OHIO -> AZURE_US_EAST -> AZURE_FRANCE_CENTRAL,314,21.38441087921568,149.04242815952057
AZURE_SOUTH_AFRICA_NORTH -> AZURE_FRANCE_CENTRAL -> AWS_EU_NORTH_1_STOCKHOLM,313,2.0103014023379413,13.243409583547646
AZURE_BRAZIL_SOUTH -> AZURE_US_EAST -> GCP_US_SOUTH_1,300,0.5412048705707381,4.801213233333897
AWS_US_EAST_2_OHIO -> AZURE_FRANCE_CENTRAL -> AWS_EU_CENTRAL_1_FRANKFURT,297,23.38743800844823,236.56922295208665
AWS_US_WEST_2_OREGON -> AWS_EU_CENTRAL_1_FRANKFURT -> AZURE_FRANCE_CENTRAL,291,25.0903804265448,161.6558000635306
AWS_EU_NORTH_1_STOCKHOLM -> AWS_EU_CENTRAL_1_FRANKFURT -> AZURE_FRANCE_CENTRAL -> AZURE_SOUTH_AFRICA_NORTH,290,15.551848459625361,87.20942150020505
AWS_US_WEST_2_OREGON -> GCP_US_CENTRAL_1 -> AWS_EU_NORTH_1_STOCKHOLM,290,31.368253191388128,167.91036536290494
AWS_US_WEST_2_OREGON -> GCP_US_SOUTH_1 -> AWS_SA_EAST_1_SAO_PAULO,290,19.098655945154416,106.02573396548269
AZURE_JAPAN_EAST -> AZURE_US_EAST -> AWS_US_EAST_2_OHIO,289,5.2949734507585635,39.412153127297415
AWS_US_WEST_1_CALIFORNIA -> AZURE_US_EAST -> AWS_EU_NORTH_1_STOCKHOLM,288,39.16225831162257,210.48616841315663
AWS_US_WEST_2_OREGON -> AZURE_US_EAST -> AZURE_FRANCE_CENTRAL,284,20.74613219525868,134.1142969146307
AZURE_JAPAN_EAST -> AWS_US_WEST_1_CALIFORNIA -> AWS_US_EAST_2_OHIO,282,6.5353383714432,49.86784539429789
AWS_EU_CENTRAL_1_FRANKFURT -> AZURE_US_EAST -> GCP_US_CENTRAL_1,281,22.87437625609235,202.0070759215654
AWS_US_WEST_2_OREGON -> AWS_US_EAST_2_OHIO -> AZURE_FRANCE_CENTRAL,279,30.374628702804312,197.37196070191965
AWS_EU_NORTH_1_STOCKHOLM -> AWS_EU_CENTRAL_1_FRANKFURT -> AZURE_FRANCE_CENTRAL -> AZURE_BRAZIL_SOUTH,269,12.309511936886071,66.61681215450722
AWS_EU_CENTRAL_1_FRANKFURT -> AZURE_FRANCE_CENTRAL -> AWS_US_WEST_2_OREGON,267,18.87017012741839,120.41211145974444
AWS_US_WEST_1_CALIFORNIA -> GCP_US_SOUTH_1 -> AWS_EU_CENTRAL_1_FRANKFURT,267,22.44524984217019,146.25459424328596
AWS_US_WEST_2_OREGON -> GCP_US_CENTRAL_1 -> AZURE_US_EAST,265,16.590827711309956,200.88473305961224
GCP_US_SOUTH_1 -> GCP_US_CENTRAL_1 -> AZURE_SOUTH_AFRICA_NORTH,262,1.3782858125451658,6.571250270860901
AWS_US_WEST_2_OREGON -> AWS_EU_CENTRAL_1_FRANKFURT -> GCP_EUROPE_NORTH_1,261,25.842336134459465,147.44999012173525
AZURE_SOUTH_AFRICA_NORTH -> AWS_US_EAST_2_OHIO -> AWS_US_WEST_1_CALIFORNIA,258,2.030189393032425,8.712967104246673
AWS_EU_CENTRAL_1_FRANKFURT -> AZURE_US_EAST -> GCP_US_SOUTH_1,255,19.145476868881833,162.24524729886775
AZURE_FRANCE_CENTRAL -> AWS_US_EAST_2_OHIO -> AWS_US_WEST_1_CALIFORNIA,254,2.6755352867679343,23.901342050161816
AWS_EU_NORTH_1_STOCKHOLM -> AWS_EU_CENTRAL_1_FRANKFURT -> AWS_US_WEST_2_OREGON,250,12.96694707468166,87.86294821199135
AWS_US_WEST_2_OREGON -> AZURE_US_EAST -> AZURE_SOUTH_AFRICA_NORTH,249,27.659331211727345,87.45331628657709
AWS_US_WEST_1_CALIFORNIA -> AWS_US_WEST_2_OREGON -> GCP_AUSTRALIA_SOUTHEAST_1,244,16.17768443875209,90.11203903786168
AWS_EU_NORTH_1_STOCKHOLM -> AZURE_US_EAST -> AWS_US_WEST_1_CALIFORNIA,241,17.521351738103174,114.06222297258034
AWS_EU_NORTH_1_STOCKHOLM -> AZURE_US_EAST -> AWS_US_EAST_2_OHIO,240,20.000597918628074,184.05681999266017
AWS_EU_CENTRAL_1_FRANKFURT -> AZURE_US_EAST -> AWS_US_WEST_1_CALIFORNIA,239,26.28250552511972,171.06345563366517
AWS_EU_NORTH_1_STOCKHOLM -> GCP_EUROPE_NORTH_1 -> AZURE_US_EAST,239,9.449726944450651,97.77902842973117
AWS_US_EAST_2_OHIO -> AZURE_FRANCE_CENTRAL -> AWS_EU_NORTH_1_STOCKHOLM,235,42.16397084838115,313.80288629201414
AWS_US_WEST_1_CALIFORNIA -> AWS_US_EAST_2_OHIO -> AZURE_US_EAST -> AZURE_SOUTH_AFRICA_NORTH,233,29.369705029308648,95.76381002618831
AWS_EU_CENTRAL_1_FRANKFURT -> GCP_US_CENTRAL_1 -> GCP_US_SOUTH_1,231,19.901643857435992,166.735311252492
AWS_US_WEST_2_OREGON -> AWS_US_WEST_1_CALIFORNIA -> GCP_US_SOUTH_1,230,15.342324985495981,224.7309496112357
AWS_US_WEST_1_CALIFORNIA -> GCP_US_CENTRAL_1 -> AWS_SA_EAST_1_SAO_PAULO,228,18.491412886698818,108.48346574261359
AWS_US_WEST_1_CALIFORNIA -> AWS_US_EAST_2_OHIO -> AZURE_US_EAST -> AZURE_BRAZIL_SOUTH,225,17.494380667853456,103.86946648573621
AWS_US_WEST_1_CALIFORNIA -> AWS_SA_EAST_1_SAO_PAULO -> AZURE_BRAZIL_SOUTH,223,18.93307892630117,114.87905897016208
AWS_SA_EAST_1_SAO_PAULO -> AZURE_US_EAST -> AZURE_JAPAN_EAST,222,26.176476332003272,101.31640611655388
GCP_EUROPE_NORTH_1 -> AWS_US_EAST_2_OHIO -> AWS_US_WEST_1_CALIFORNIA,216,1.695309676423304,13.299123820357863
AWS_US_WEST_2_OREGON -> GCP_US_CENTRAL_1 -> GCP_EUROPE_NORTH_1,216,24.283874173734013,134.7138543910247
AWS_EU_NORTH_1_STOCKHOLM -> AZURE_BRAZIL_SOUTH -> AWS_SA_EAST_1_SAO_PAULO,215,17.46434187853332,91.92781365778421
AWS_SA_EAST_1_SAO_PAULO -> AZURE_US_EAST -> GCP_US_CENTRAL_1,214,31.488863024721603,219.3290874044909
AWS_SA_EAST_1_SAO_PAULO -> GCP_US_CENTRAL_1 -> GCP_ASIA_EAST_1,214,26.757521624458956,92.4881535687536
AZURE_SOUTH_AFRICA_NORTH -> AZURE_US_EAST -> AWS_US_WEST_2_OREGON,211,1.4010783343584738,5.747565301370912
AWS_EU_CENTRAL_1_FRANKFURT -> AZURE_US_EAST -> AWS_US_EAST_2_OHIO,210,27.72876703028994,265.506797380174
AWS_SA_EAST_1_SAO_PAULO -> AZURE_US_EAST -> GCP_US_CENTRAL_1 -> GCP_ASIA_EAST_1,210,27.831300741306787,95.60741299879277
AWS_US_WEST_2_OREGON -> AWS_US_EAST_2_OHIO -> GCP_EUROPE_NORTH_1,209,26.355644953330852,151.4812681309637
AWS_EU_CENTRAL_1_FRANKFURT -> AZURE_FRANCE_CENTRAL -> AWS_EU_NORTH_1_STOCKHOLM,208,23.55182992903837,549.8763363929711
AWS_US_WEST_1_CALIFORNIA -> GCP_US_SOUTH_1 -> AZURE_US_EAST,208,13.57315205575938,189.30300647263698
AWS_US_WEST_2_OREGON -> AZURE_US_EAST -> AZURE_BRAZIL_SOUTH,207,19.100088174560906,104.63110548645966
AWS_US_EAST_2_OHIO -> GCP_US_CENTRAL_1 -> AWS_US_WEST_1_CALIFORNIA,206,19.254622777450393,271.16591623407203
AWS_US_WEST_1_CALIFORNIA -> GCP_US_CENTRAL_1 -> GCP_US_SOUTH_1,205,18.64730117718102,293.97577159766456
AWS_US_WEST_1_CALIFORNIA -> GCP_US_SOUTH_1 -> GCP_AUSTRALIA_SOUTHEAST_1,205,14.513485978134508,76.26229971902262
AWS_EU_NORTH_1_STOCKHOLM -> AWS_EU_CENTRAL_1_FRANKFURT -> AZURE_FRANCE_CENTRAL -> AWS_SA_EAST_1_SAO_PAULO,204,16.27792196826878,83.83659093877748
AWS_US_EAST_2_OHIO -> AZURE_FRANCE_CENTRAL -> AZURE_SOUTH_AFRICA_NORTH,202,27.742649176906596,109.69926002432828
AWS_US_WEST_1_CALIFORNIA -> GCP_US_CENTRAL_1 -> AWS_US_EAST_2_OHIO,197,19.2957441570218,260.8350657109438
AWS_US_WEST_1_CALIFORNIA -> AWS_US_WEST_2_OREGON -> GCP_ASIA_EAST_1,194,16.84682258693282,109.23896342707167
AWS_EU_NORTH_1_STOCKHOLM -> AZURE_US_EAST -> GCP_US_CENTRAL_1,192,11.866925291884261,105.4213811255886
AWS_SA_EAST_1_SAO_PAULO -> AZURE_BRAZIL_SOUTH -> AZURE_US_EAST -> GCP_US_SOUTH_1,190,21.30202423882334,147.98354146025952
AZURE_SOUTH_AFRICA_NORTH -> GCP_US_CENTRAL_1 -> GCP_US_SOUTH_1,190,1.2853426202430478,6.073030843657136
AZURE_BRAZIL_SOUTH -> AWS_SA_EAST_1_SAO_PAULO -> AWS_US_WEST_2_OREGON,189,6.7996024679293425,46.921946151015845
AWS_US_WEST_2_OREGON -> AWS_EU_NORTH_1_STOCKHOLM -> GCP_EUROPE_NORTH_1,188,28.11851785451946,157.51138240304203
AZURE_SOUTH_AFRICA_NORTH -> AZURE_US_EAST -> AWS_US_EAST_2_OHIO -> AWS_US_WEST_2_OREGON,185,3.6228892848570284,14.967209488282322
AWS_EU_NORTH_1_STOCKHOLM -> AZURE_FRANCE_CENTRAL -> AWS_US_WEST_1_CALIFORNIA,184,16.280653434862927,103.9207370598815
AWS_US_WEST_1_CALIFORNIA -> GCP_US_SOUTH_1 -> AZURE_SOUTH_AFRICA_NORTH,183,29.90251739455329,95.75526933207283
AWS_US_WEST_1_CALIFORNIA -> GCP_US_CENTRAL_1 -> AZURE_BRAZIL_SOUTH,180,17.072329608404736,100.13696182278488
AWS_EU_NORTH_1_STOCKHOLM -> AZURE_FRANCE_CENTRAL -> AZURE_US_EAST -> AWS_US_WEST_1_CALIFORNIA,180,16.486770659042776,105.42351338146511
AWS_US_WEST_2_OREGON -> GCP_US_SOUTH_1 -> AWS_EU_NORTH_1_STOCKHOLM,177,31.287802148145232,165.45067053437754
AWS_SA_EAST_1_SAO_PAULO -> AWS_US_EAST_2_OHIO -> AWS_US_WEST_2_OREGON,177,22.338014073181768,130.08470121642824
GCP_ASIA_EAST_1 -> GCP_US_CENTRAL_1 -> AWS_US_EAST_2_OHIO,176,1.0293458335842145,7.300369303000025
AWS_US_WEST_2_OREGON -> AWS_US_EAST_2_OHIO -> AWS_SA_EAST_1_SAO_PAULO,176,18.029914093099908,106.47859393882459
AWS_US_WEST_2_OREGON -> AWS_US_WEST_1_CALIFORNIA -> GCP_US_CENTRAL_1,174,21.489062008321795,286.00125926595547
AWS_US_WEST_2_OREGON -> GCP_US_SOUTH_1 -> GCP_EUROPE_NORTH_1,172,22.802242471811347,127.11628900830851
AWS_US_WEST_2_OREGON -> AWS_US_EAST_2_OHIO -> AZURE_BRAZIL_SOUTH,168,24.733162714152577,137.06658936825602
AWS_EU_NORTH_1_STOCKHOLM -> AWS_EU_CENTRAL_1_FRANKFURT -> AZURE_FRANCE_CENTRAL -> AZURE_US_EAST,166,8.877236354522589,93.82564179491169
AWS_US_WEST_2_OREGON -> GCP_US_CENTRAL_1 -> AWS_EU_CENTRAL_1_FRANKFURT,165,16.186269627261126,104.97903641766447
AWS_EU_CENTRAL_1_FRANKFURT -> AZURE_FRANCE_CENTRAL -> AWS_US_EAST_2_OHIO -> AWS_US_WEST_1_CALIFORNIA,164,25.854997587724192,170.43747156360746
AWS_SA_EAST_1_SAO_PAULO -> AZURE_US_EAST -> AWS_US_EAST_2_OHIO,161,29.01648141469679,227.9096179089861
AZURE_US_EAST -> AWS_US_EAST_2_OHIO -> AWS_US_WEST_1_CALIFORNIA,156,4.291709480566863,79.89117779335243
AWS_US_EAST_2_OHIO -> AZURE_BRAZIL_SOUTH -> AWS_SA_EAST_1_SAO_PAULO,155,17.65578504162992,146.99540931839442
AWS_US_WEST_1_CALIFORNIA -> GCP_US_SOUTH_1 -> AZURE_US_EAST -> AZURE_FRANCE_CENTRAL,154,19.022036027632943,129.62294422682544
AWS_US_WEST_1_CALIFORNIA -> AWS_US_EAST_2_OHIO -> AZURE_US_EAST -> AWS_EU_CENTRAL_1_FRANKFURT,154,21.47582600760105,144.27642496538772
AWS_EU_CENTRAL_1_FRANKFURT -> AZURE_BRAZIL_SOUTH -> AWS_SA_EAST_1_SAO_PAULO,153,27.22834532269955,142.41217483307526
AWS_US_WEST_2_OREGON -> GCP_US_CENTRAL_1 -> AZURE_US_EAST -> AZURE_FRANCE_CENTRAL,153,21.012516925310237,132.44197388274313
AWS_US_WEST_2_OREGON -> AZURE_JAPAN_EAST -> GCP_AUSTRALIA_SOUTHEAST_1,153,14.893182260966839,77.13888307215291
AWS_SA_EAST_1_SAO_PAULO -> AZURE_US_EAST -> GCP_US_SOUTH_1,153,24.68657654115725,171.30309963479726
AWS_EU_CENTRAL_1_FRANKFURT -> GCP_US_CENTRAL_1 -> AWS_US_WEST_1_CALIFORNIA,152,23.492599319944105,155.66663269741912
AWS_EU_CENTRAL_1_FRANKFURT -> GCP_EUROPE_NORTH_1 -> AWS_EU_NORTH_1_STOCKHOLM,149,24.29558561782887,564.6065546043851
AWS_US_WEST_1_CALIFORNIA -> AWS_US_EAST_2_OHIO -> AZURE_US_EAST -> GCP_EUROPE_NORTH_1,148,24.807197871606135,146.8472771209881
AWS_US_WEST_1_CALIFORNIA -> AZURE_BRAZIL_SOUTH -> AWS_SA_EAST_1_SAO_PAULO,147,23.639816900580993,139.25818527146782
AWS_US_EAST_2_OHIO -> AWS_SA_EAST_1_SAO_PAULO -> AZURE_BRAZIL_SOUTH,147,17.119639702812574,142.47727904483008
AWS_US_WEST_1_CALIFORNIA -> GCP_US_CENTRAL_1 -> AZURE_US_EAST -> AZURE_BRAZIL_SOUTH,146,16.665833604916717,98.31851445192274
AWS_US_WEST_2_OREGON -> GCP_US_SOUTH_1 -> AZURE_US_EAST,142,17.203902083887993,200.51817404085728
AWS_SA_EAST_1_SAO_PAULO -> AZURE_US_EAST -> GCP_EUROPE_NORTH_1,142,26.220320488739702,124.19625669537146
AZURE_US_EAST -> GCP_US_CENTRAL_1 -> GCP_AUSTRALIA_SOUTHEAST_1,141,0.2844981780243379,1.8681984959773672
AWS_US_WEST_1_CALIFORNIA -> GCP_US_SOUTH_1 -> AWS_US_EAST_2_OHIO,139,18.244719181008996,241.20825109858697
AWS_US_WEST_2_OREGON -> GCP_US_CENTRAL_1 -> GCP_US_SOUTH_1,138,14.612815594199127,199.33858170759572
AWS_US_WEST_1_CALIFORNIA -> AWS_US_EAST_2_OHIO -> AZURE_FRANCE_CENTRAL,135,22.386042785551048,157.98218361301053
AWS_US_WEST_1_CALIFORNIA -> GCP_US_SOUTH_1 -> AWS_SA_EAST_1_SAO_PAULO -> AZURE_BRAZIL_SOUTH,133,16.13266184892812,95.05398909453038
AWS_EU_NORTH_1_STOCKHOLM -> AZURE_US_EAST -> GCP_US_SOUTH_1,132,11.876668403252621,98.92639003766146
AWS_EU_NORTH_1_STOCKHOLM -> AWS_EU_CENTRAL_1_FRANKFURT -> AZURE_FRANCE_CENTRAL -> AWS_US_EAST_2_OHIO,131,15.184088413541858,139.92705921634422
GCP_AUSTRALIA_SOUTHEAST_1 -> AWS_SA_EAST_1_SAO_PAULO -> AZURE_BRAZIL_SOUTH,130,0.7213798711198486,3.0858691313778763
AWS_US_WEST_2_OREGON -> AZURE_US_EAST -> GCP_EUROPE_NORTH_1,130,21.818115358525127,123.60356072201068
AWS_SA_EAST_1_SAO_PAULO -> AZURE_FRANCE_CENTRAL -> AWS_EU_CENTRAL_1_FRANKFURT,128,28.739861884859824,149.2637436625431
AWS_EU_NORTH_1_STOCKHOLM -> AZURE_FRANCE_CENTRAL -> AZURE_US_EAST -> GCP_US_CENTRAL_1,127,11.610185353980091,99.25586870954135
AWS_US_WEST_2_OREGON -> GCP_US_SOUTH_1 -> AZURE_SOUTH_AFRICA_NORTH,126,26.073950474864443,82.7111055425197
AZURE_FRANCE_CENTRAL -> AZURE_US_EAST -> AWS_US_WEST_2_OREGON,124,1.0709891454744132,8.737192783745286
AWS_EU_NORTH_1_STOCKHOLM -> GCP_US_SOUTH_1 -> AWS_US_WEST_1_CALIFORNIA,124,14.955431257484896,96.38922292573079
AWS_US_WEST_2_OREGON -> AWS_US_WEST_1_CALIFORNIA -> AWS_US_EAST_2_OHIO,124,20.96881074870302,257.3061600063261
AWS_SA_EAST_1_SAO_PAULO -> GCP_US_SOUTH_1 -> GCP_AUSTRALIA_SOUTHEAST_1,123,26.672869866360976,88.59346700065316
AWS_US_WEST_1_CALIFORNIA -> AZURE_FRANCE_CENTRAL -> AWS_EU_CENTRAL_1_FRANKFURT,122,26.539216128136317,171.93974190557242
AWS_US_WEST_1_CALIFORNIA -> AWS_US_EAST_2_OHIO -> AZURE_US_EAST -> AWS_EU_NORTH_1_STOCKHOLM,122,38.68228252256311,207.6584398426529
AWS_US_WEST_1_CALIFORNIA -> AWS_US_EAST_2_OHIO -> AZURE_US_EAST -> AWS_SA_EAST_1_SAO_PAULO,121,18.503384930605936,110.09286674167458
AWS_US_EAST_2_OHIO -> AWS_US_WEST_1_CALIFORNIA -> AZURE_JAPAN_EAST,121,25.873469574356704,161.77615549833502
AZURE_SOUTH_AFRICA_NORTH -> GCP_US_CENTRAL_1 -> AWS_US_WEST_1_CALIFORNIA,115,1.413830792115217,6.00989515878473
AWS_EU_NORTH_1_STOCKHOLM -> AZURE_FRANCE_CENTRAL -> AWS_US_EAST_2_OHIO -> AWS_US_WEST_2_OREGON,115,12.025626056781428,78.45682777998957
AWS_EU_NORTH_1_STOCKHOLM -> GCP_EUROPE_NORTH_1 -> AWS_US_WEST_1_CALIFORNIA,114,15.060891186410604,95.4858827462657
AWS_SA_EAST_1_SAO_PAULO -> AZURE_US_EAST -> GCP_AUSTRALIA_SOUTHEAST_1,111,25.45582723642453,85.50003899481055
AWS_US_WEST_2_OREGON -> GCP_US_SOUTH_1 -> AWS_EU_CENTRAL_1_FRANKFURT,107,16.75050961747595,106.27055203947498
AWS_US_WEST_2_OREGON -> AZURE_US_EAST -> AWS_SA_EAST_1_SAO_PAULO,105,20.63439584300726,112.01379019944932
AWS_US_WEST_2_OREGON -> AZURE_US_EAST -> AWS_EU_CENTRAL_1_FRANKFURT,105,15.116188762183288,98.74953025988543
AWS_EU_NORTH_1_STOCKHOLM -> AZURE_US_EAST -> AWS_SA_EAST_1_SAO_PAULO,104,18.0644530016055,92.27544211387385
AWS_US_WEST_2_OREGON -> AZURE_US_EAST -> AWS_EU_NORTH_1_STOCKHOLM,102,29.576731948166042,157.88316230331588
AZURE_SOUTH_AFRICA_NORTH -> AZURE_FRANCE_CENTRAL -> AZURE_BRAZIL_SOUTH,100,0.7787143699609929,2.9384669804746864
GCP_US_CENTRAL_1 -> AZURE_US_EAST -> AWS_SA_EAST_1_SAO_PAULO,100,0.5219446851605768,4.949064476563763
GCP_AUSTRALIA_SOUTHEAST_1 -> AZURE_FRANCE_CENTRAL -> GCP_EUROPE_NORTH_1,98,0.18851903819889534,0.845863999918663
AWS_US_WEST_1_CALIFORNIA -> GCP_US_SOUTH_1 -> AZURE_BRAZIL_SOUTH,98,15.087822805611015,89.0714211296488
AWS_US_WEST_2_OREGON -> AWS_US_EAST_2_OHIO -> AZURE_FRANCE_CENTRAL -> AWS_EU_CENTRAL_1_FRANKFURT,97,18.818078659824195,128.70448910872983
AWS_EU_NORTH_1_STOCKHOLM -> AWS_EU_CENTRAL_1_FRANKFURT -> GCP_US_CENTRAL_1,97,10.319749420276915,91.43891220365344
AWS_US_WEST_2_OREGON -> AWS_US_EAST_2_OHIO -> AZURE_FRANCE_CENTRAL -> AZURE_SOUTH_AFRICA_NORTH,93,31.825858546692427,100.21528591944866
AWS_US_WEST_2_OREGON -> AWS_EU_CENTRAL_1_FRANKFURT -> AZURE_FRANCE_CENTRAL -> AZURE_SOUTH_AFRICA_NORTH,93,30.490388736877073,94.97093116702035
GCP_ASIA_EAST_1 -> AWS_US_WEST_2_OREGON -> AWS_US_EAST_2_OHIO,88,1.4640519888960657,10.481348540604813
AZURE_SOUTH_AFRICA_NORTH -> AZURE_FRANCE_CENTRAL -> AZURE_US_EAST,87,0.7814210046794735,4.158934026383463
AWS_EU_CENTRAL_1_FRANKFURT -> AZURE_US_EAST -> AWS_SA_EAST_1_SAO_PAULO,86,21.195542132963695,110.95141615982811
GCP_EUROPE_NORTH_1 -> AWS_EU_CENTRAL_1_FRANKFURT -> AWS_US_WEST_2_OREGON,82,4.72385818422887,34.74949448370944
AWS_EU_NORTH_1_STOCKHOLM -> GCP_US_CENTRAL_1 -> AWS_US_WEST_2_OREGON,82,11.301527264003916,71.71160180768811
AWS_EU_NORTH_1_STOCKHOLM -> AWS_EU_CENTRAL_1_FRANKFURT -> AZURE_US_EAST,82,10.927190571339034,116.64184878037554
AWS_SA_EAST_1_SAO_PAULO -> AZURE_US_EAST -> AWS_US_WEST_1_CALIFORNIA,82,25.22065534767798,146.6442061854334
AWS_US_WEST_2_OREGON -> AWS_US_EAST_2_OHIO -> AZURE_FRANCE_CENTRAL -> AWS_EU_NORTH_1_STOCKHOLM,81,30.652786733849684,171.9378292436553
AZURE_SOUTH_AFRICA_NORTH -> AWS_EU_CENTRAL_1_FRANKFURT -> AWS_EU_NORTH_1_STOCKHOLM,79,1.5792104447769257,10.457621292120962
AZURE_FRANCE_CENTRAL -> AZURE_BRAZIL_SOUTH -> AWS_SA_EAST_1_SAO_PAULO,78,2.9139657521073845,20.059350953191597
AWS_US_WEST_1_CALIFORNIA -> AWS_US_EAST_2_OHIO -> GCP_EUROPE_NORTH_1,78,25.64420562309888,152.59796146333338
AZURE_JAPAN_EAST -> AWS_US_WEST_2_OREGON -> AWS_SA_EAST_1_SAO_PAULO,78,5.032895159348256,23.685329075742345
AWS_EU_NORTH_1_STOCKHOLM -> AWS_EU_CENTRAL_1_FRANKFURT -> AZURE_BRAZIL_SOUTH,78,13.806255005888183,74.77655036256749
AZURE_FRANCE_CENTRAL -> AWS_EU_CENTRAL_1_FRANKFURT -> AWS_US_WEST_2_OREGON,77,4.642478317494911,38.29647397994836
AWS_US_WEST_1_CALIFORNIA -> AWS_US_EAST_2_OHIO -> AWS_SA_EAST_1_SAO_PAULO,77,18.904935285303505,114.34637220602485
AWS_US_WEST_2_OREGON -> AWS_US_WEST_1_CALIFORNIA -> AZURE_JAPAN_EAST,77,12.290640966507576,95.43044160752072
AWS_US_EAST_2_OHIO -> GCP_US_CENTRAL_1 -> AWS_US_WEST_2_OREGON,77,17.885645091109108,217.84451848480353
AZURE_SOUTH_AFRICA_NORTH -> GCP_US_CENTRAL_1 -> AWS_US_WEST_2_OREGON,76,1.372683262722762,5.598670693743543
AWS_US_WEST_1_CALIFORNIA -> AZURE_FRANCE_CENTRAL -> AZURE_SOUTH_AFRICA_NORTH,75,33.892860973964936,105.97449618393779
AWS_EU_CENTRAL_1_FRANKFURT -> AZURE_US_EAST -> AWS_US_EAST_2_OHIO -> AWS_US_WEST_2_OREGON,75,16.152553016256682,112.13401527209419
AWS_US_WEST_2_OREGON -> GCP_US_SOUTH_1 -> AZURE_US_EAST -> AZURE_FRANCE_CENTRAL,74,21.187935111847825,131.23182034667593
AWS_US_WEST_2_OREGON -> GCP_US_CENTRAL_1 -> AWS_SA_EAST_1_SAO_PAULO,74,17.068722925283133,94.29332896404037
AWS_US_WEST_2_OREGON -> GCP_US_SOUTH_1 -> AWS_US_EAST_2_OHIO,74,16.90344593589599,195.72184532660663
AZURE_US_EAST -> AZURE_FRANCE_CENTRAL -> AZURE_SOUTH_AFRICA_NORTH,73,2.556751900210358,13.347835158506768
AWS_US_EAST_2_OHIO -> GCP_EUROPE_NORTH_1 -> AWS_EU_NORTH_1_STOCKHOLM,73,34.708665470984656,261.6070118321113
AWS_SA_EAST_1_SAO_PAULO -> GCP_US_SOUTH_1 -> AZURE_JAPAN_EAST,73,22.932466604454337,89.49706487472031
AZURE_BRAZIL_SOUTH -> AZURE_US_EAST -> GCP_AUSTRALIA_SOUTHEAST_1,72,0.42670518982802863,1.808106689219244
AWS_US_WEST_2_OREGON -> AWS_US_EAST_2_OHIO -> AWS_EU_CENTRAL_1_FRANKFURT,71,15.070714504539302,104.36885187360406
AWS_SA_EAST_1_SAO_PAULO -> AZURE_US_EAST -> AWS_US_EAST_2_OHIO -> AWS_US_WEST_2_OREGON,71,20.883271221746792,121.98649999889017
AWS_US_EAST_2_OHIO -> AWS_US_WEST_1_CALIFORNIA -> AWS_US_WEST_2_OREGON,70,15.750024811574297,209.99629021842816
AWS_SA_EAST_1_SAO_PAULO -> GCP_US_SOUTH_1 -> GCP_ASIA_EAST_1,69,26.405396341235704,90.31169536072565
AWS_US_WEST_2_OREGON -> AWS_US_EAST_2_OHIO -> AWS_SA_EAST_1_SAO_PAULO -> AZURE_BRAZIL_SOUTH,69,18.453105195897276,106.10484630008455
AWS_US_WEST_2_OREGON -> AWS_US_EAST_2_OHIO -> AZURE_SOUTH_AFRICA_NORTH,69,38.448200914336546,117.50815802338218
AWS_US_WEST_1_CALIFORNIA -> AWS_US_EAST_2_OHIO -> AZURE_BRAZIL_SOUTH,68,21.193421795205403,124.22006800631266
AWS_US_WEST_2_OREGON -> GCP_US_SOUTH_1 -> GCP_AUSTRALIA_SOUTHEAST_1,67,12.751340044707012,64.410446282041
AWS_EU_CENTRAL_1_FRANKFURT -> AZURE_FRANCE_CENTRAL -> AZURE_BRAZIL_SOUTH -> AWS_SA_EAST_1_SAO_PAULO,66,28.766784057716865,144.50403601745802
AWS_EU_NORTH_1_STOCKHOLM -> AWS_US_EAST_2_OHIO -> AWS_US_WEST_2_OREGON,66,12.006966452926516,80.34986717296124
AWS_US_WEST_1_CALIFORNIA -> GCP_US_CENTRAL_1 -> AZURE_US_EAST -> AZURE_SOUTH_AFRICA_NORTH,66,28.325605853344143,92.26624189863634
AZURE_BRAZIL_SOUTH -> AZURE_FRANCE_CENTRAL -> AZURE_SOUTH_AFRICA_NORTH,66,0.8574523519270908,3.2298509547539993
AZURE_JAPAN_EAST -> AZURE_FRANCE_CENTRAL -> GCP_EUROPE_NORTH_1,65,0.919827997428879,4.889330124838239
AZURE_US_EAST -> AZURE_FRANCE_CENTRAL -> AWS_EU_CENTRAL_1_FRANKFURT,65,16.608851870929218,204.03324356059898
AWS_SA_EAST_1_SAO_PAULO -> AWS_US_EAST_2_OHIO -> AWS_US_WEST_1_CALIFORNIA,65,23.77312219715238,142.09433134465542
AZURE_BRAZIL_SOUTH -> AWS_SA_EAST_1_SAO_PAULO -> GCP_US_SOUTH_1,64,0.7458233024381026,6.62240244700979
GCP_EUROPE_NORTH_1 -> AWS_EU_NORTH_1_STOCKHOLM -> AWS_EU_CENTRAL_1_FRANKFURT,64,14.023401648659636,499.1937530428577
AWS_US_EAST_2_OHIO -> GCP_US_SOUTH_1 -> AWS_US_WEST_1_CALIFORNIA,64,15.514359475847694,220.0046229184461
AWS_EU_CENTRAL_1_FRANKFURT -> AWS_US_EAST_2_OHIO -> AWS_US_WEST_2_OREGON,63,16.56511754177414,114.46305444354948
AWS_US_WEST_2_OREGON -> GCP_US_SOUTH_1 -> AWS_SA_EAST_1_SAO_PAULO -> AZURE_BRAZIL_SOUTH,63,16.37977315250464,90.56973869986984
AWS_EU_NORTH_1_STOCKHOLM -> AZURE_FRANCE_CENTRAL -> AZURE_US_EAST -> GCP_US_SOUTH_1,63,10.328769997639412,84.35996557576618
GCP_AUSTRALIA_SOUTHEAST_1 -> AZURE_BRAZIL_SOUTH -> AWS_SA_EAST_1_SAO_PAULO,62,0.6252006376707825,2.709711837525674
AWS_US_EAST_2_OHIO -> AZURE_US_EAST -> GCP_US_CENTRAL_1,62,15.364467090818893,397.8505898072285
AWS_EU_CENTRAL_1_FRANKFURT -> AZURE_US_EAST -> AWS_US_WEST_2_OREGON,61,20.247743128026702,127.35158671560589
GCP_AUSTRALIA_SOUTHEAST_1 -> AWS_US_WEST_1_CALIFORNIA -> AWS_US_EAST_2_OHIO,61,1.555141511871449,10.356856686617903
AZURE_SOUTH_AFRICA_NORTH -> AZURE_FRANCE_CENTRAL -> GCP_EUROPE_NORTH_1,61,1.0678504969376885,6.835920863978231
AWS_US_WEST_1_CALIFORNIA -> AWS_US_WEST_2_OREGON -> AZURE_JAPAN_EAST -> GCP_ASIA_EAST_1,60,18.412642095405953,113.36666988024967
AWS_EU_NORTH_1_STOCKHOLM -> AWS_EU_CENTRAL_1_FRANKFURT -> AWS_US_WEST_1_CALIFORNIA,60,16.01364460114127,104.57847875411085
AWS_US_WEST_2_OREGON -> GCP_US_CENTRAL_1 -> AZURE_BRAZIL_SOUTH,59,12.854163143946511,72.90526073133515
AWS_US_WEST_2_OREGON -> GCP_US_CENTRAL_1 -> AWS_US_EAST_2_OHIO,59,13.819925055537416,165.4840375418462
AWS_EU_NORTH_1_STOCKHOLM -> AWS_EU_CENTRAL_1_FRANKFURT -> GCP_US_SOUTH_1,59,11.775652546018113,96.80648597562197
AWS_US_WEST_2_OREGON -> AWS_US_WEST_1_CALIFORNIA -> GCP_ASIA_EAST_1,59,16.226234792811134,101.12448107935245
AWS_SA_EAST_1_SAO_PAULO -> AZURE_BRAZIL_SOUTH -> AZURE_FRANCE_CENTRAL -> AZURE_SOUTH_AFRICA_NORTH,57,28.22172373738507,81.42487703928231
AWS_EU_NORTH_1_STOCKHOLM -> AWS_EU_CENTRAL_1_FRANKFURT -> AZURE_SOUTH_AFRICA_NORTH,57,17.11609419061327,97.21990603029087
AWS_US_WEST_2_OREGON -> GCP_US_CENTRAL_1 -> AZURE_US_EAST -> AZURE_BRAZIL_SOUTH,56,16.00022956808586,88.85195347781791
AWS_US_WEST_2_OREGON -> GCP_US_SOUTH_1 -> AZURE_BRAZIL_SOUTH,56,16.807776986528218,91.86611275342841
AWS_EU_NORTH_1_STOCKHOLM -> AZURE_US_EAST -> AWS_US_EAST_2_OHIO -> AWS_US_WEST_2_OREGON,55,9.234963013614546,63.639887084424686
AZURE_SOUTH_AFRICA_NORTH -> AWS_EU_CENTRAL_1_FRANKFURT -> AWS_US_WEST_2_OREGON,54,1.5888169527303455,6.573606230326163
AWS_EU_CENTRAL_1_FRANKFURT -> GCP_US_CENTRAL_1 -> AWS_US_WEST_2_OREGON,53,19.857093412504597,124.72953222980357
AWS_EU_NORTH_1_STOCKHOLM -> AWS_US_EAST_2_OHIO -> AWS_US_WEST_1_CALIFORNIA,53,15.360284920144329,100.88292378979133
AWS_US_EAST_2_OHIO -> AZURE_US_EAST -> AZURE_FRANCE_CENTRAL -> AZURE_SOUTH_AFRICA_NORTH,52,25.601277638213183,100.8710010830078
AWS_EU_CENTRAL_1_FRANKFURT -> AZURE_FRANCE_CENTRAL -> AZURE_US_EAST -> AWS_US_WEST_2_OREGON,51,24.82982927272689,149.84472052999763
GCP_US_SOUTH_1 -> AZURE_US_EAST -> AZURE_BRAZIL_SOUTH,51,0.49534744517943574,4.428707063967863
AWS_US_WEST_2_OREGON -> AWS_US_EAST_2_OHIO -> GCP_US_CENTRAL_1,51,15.464515520487288,200.87650363071089
AWS_SA_EAST_1_SAO_PAULO -> AZURE_BRAZIL_SOUTH -> AZURE_US_EAST -> GCP_AUSTRALIA_SOUTHEAST_1,50,23.926938342710745,79.8212671103687
AWS_EU_CENTRAL_1_FRANKFURT -> GCP_US_SOUTH_1 -> AWS_US_WEST_1_CALIFORNIA,50,22.89250848815678,147.32715209499486
GCP_ASIA_EAST_1 -> GCP_US_CENTRAL_1 -> AZURE_US_EAST -> AWS_SA_EAST_1_SAO_PAULO,50,0.8762384926958159,3.888666041481031
AWS_EU_NORTH_1_STOCKHOLM -> AZURE_FRANCE_CENTRAL -> AWS_US_EAST_2_OHIO -> AWS_US_WEST_1_CALIFORNIA,50,17.110327616923346,109.62011602071061
AWS_US_WEST_2_OREGON -> AWS_EU_CENTRAL_1_FRANKFURT -> AWS_EU_NORTH_1_STOCKHOLM -> GCP_EUROPE_NORTH_1,50,27.08464542788732,152.8335807496668
AWS_EU_NORTH_1_STOCKHOLM -> GCP_EUROPE_NORTH_1 -> AWS_US_EAST_2_OHIO -> AWS_US_WEST_2_OREGON,49,11.562522384692176,75.38811385401152
AWS_EU_CENTRAL_1_FRANKFURT -> AZURE_US_EAST -> AZURE_BRAZIL_SOUTH,49,16.184120310927042,88.90365603677469
AWS_SA_EAST_1_SAO_PAULO -> AZURE_FRANCE_CENTRAL -> AWS_EU_NORTH_1_STOCKHOLM,49,39.14387581692107,171.59419602959076
AWS_US_WEST_1_CALIFORNIA -> AWS_US_EAST_2_OHIO -> AZURE_FRANCE_CENTRAL -> AWS_EU_CENTRAL_1_FRANKFURT,48,25.76457092711289,168.5347920363048
AWS_US_EAST_2_OHIO -> GCP_US_SOUTH_1 -> AWS_US_WEST_2_OREGON,48,15.839751115760398,196.81834075873235
AWS_US_WEST_2_OREGON -> AZURE_BRAZIL_SOUTH -> AWS_SA_EAST_1_SAO_PAULO,47,18.468003077072844,102.51146418028827
AWS_EU_NORTH_1_STOCKHOLM -> AZURE_US_EAST -> AZURE_BRAZIL_SOUTH,46,9.430824306850235,52.057808967972164
AZURE_JAPAN_EAST -> GCP_US_SOUTH_1 -> AWS_SA_EAST_1_SAO_PAULO,45,2.5221037738118963,11.843768446710214
GCP_ASIA_EAST_1 -> AZURE_FRANCE_CENTRAL -> AWS_EU_NORTH_1_STOCKHOLM -> GCP_EUROPE_NORTH_1,44,6.460932880668125,31.109492145673926
AWS_US_WEST_1_CALIFORNIA -> AZURE_FRANCE_CENTRAL -> AWS_EU_NORTH_1_STOCKHOLM,44,38.00874396340537,203.69128690825073
AZURE_FRANCE_CENTRAL -> AWS_EU_NORTH_1_STOCKHOLM -> GCP_EUROPE_NORTH_1,44,3.767596622695705,113.73703878779861
AWS_US_WEST_2_OREGON -> AWS_US_EAST_2_OHIO -> AZURE_BRAZIL_SOUTH -> AWS_SA_EAST_1_SAO_PAULO,44,15.758884981138651,93.85168939108405
AZURE_US_EAST -> GCP_US_CENTRAL_1 -> AWS_US_WEST_2_OREGON,44,4.0711794740166996,60.28511699282012
AWS_US_EAST_2_OHIO -> AZURE_US_EAST -> AZURE_FRANCE_CENTRAL -> AWS_EU_CENTRAL_1_FRANKFURT,44,20.647580363510027,204.17999198398218
AWS_US_EAST_2_OHIO -> AWS_US_WEST_1_CALIFORNIA -> GCP_AUSTRALIA_SOUTHEAST_1,44,27.651945445238272,139.43152637004647
AWS_US_WEST_1_CALIFORNIA -> GCP_US_SOUTH_1 -> AZURE_US_EAST -> AZURE_SOUTH_AFRICA_NORTH,42,27.201051041522085,88.39952949454937
GCP_AUSTRALIA_SOUTHEAST_1 -> AZURE_US_EAST -> AZURE_BRAZIL_SOUTH,41,0.3416595869582051,1.460506472232339
AWS_US_WEST_1_CALIFORNIA -> AWS_EU_CENTRAL_1_FRANKFURT -> AWS_EU_NORTH_1_STOCKHOLM,41,56.51215225203576,271.65583850244377
AWS_EU_NORTH_1_STOCKHOLM -> AZURE_FRANCE_CENTRAL -> AZURE_BRAZIL_SOUTH -> AWS_SA_EAST_1_SAO_PAULO,41,14.843189067267753,77.57280775805202
AWS_EU_NORTH_1_STOCKHOLM -> GCP_EUROPE_NORTH_1 -> AWS_SA_EAST_1_SAO_PAULO,41,12.453771094780082,64.61820035807989
AWS_US_EAST_2_OHIO -> AZURE_FRANCE_CENTRAL -> GCP_EUROPE_NORTH_1,41,26.763335546433165,211.5439014205125
AWS_SA_EAST_1_SAO_PAULO -> AZURE_FRANCE_CENTRAL -> AZURE_SOUTH_AFRICA_NORTH,41,31.291939466175894,89.33826634488065
AWS_SA_EAST_1_SAO_PAULO -> GCP_US_SOUTH_1 -> AWS_US_WEST_2_OREGON,40,29.719413924019282,152.6811001583825
AWS_EU_CENTRAL_1_FRANKFURT -> AZURE_FRANCE_CENTRAL -> GCP_EUROPE_NORTH_1,40,14.296105935514452,304.7147339857279
AWS_SA_EAST_1_SAO_PAULO -> AZURE_US_EAST -> AZURE_SOUTH_AFRICA_NORTH,40,28.88384362539087,83.97708517378555
AWS_US_WEST_1_CALIFORNIA -> AZURE_US_EAST -> AWS_US_EAST_2_OHIO,39,15.562768225248092,209.01608592473508
GCP_ASIA_EAST_1 -> AWS_SA_EAST_1_SAO_PAULO -> AZURE_BRAZIL_SOUTH,39,4.246073723219054,18.04603701439197
AZURE_US_EAST -> AZURE_FRANCE_CENTRAL -> AWS_EU_NORTH_1_STOCKHOLM,39,5.973818452033241,66.77864110930636
GCP_EUROPE_NORTH_1 -> AWS_EU_NORTH_1_STOCKHOLM -> AZURE_FRANCE_CENTRAL -> GCP_ASIA_EAST_1,38,6.112640458145198,29.41264865634156
AWS_US_WEST_1_CALIFORNIA -> AWS_US_EAST_2_OHIO -> AZURE_SOUTH_AFRICA_NORTH,38,27.164066421352672,91.109375202134
GCP_EUROPE_NORTH_1 -> AWS_EU_NORTH_1_STOCKHOLM -> AZURE_FRANCE_CENTRAL,38,4.040125320848235,123.07264008706807
AWS_US_WEST_2_OREGON -> AZURE_FRANCE_CENTRAL -> AZURE_SOUTH_AFRICA_NORTH,38,32.028692462969495,97.67586357952126
AWS_US_EAST_2_OHIO -> GCP_US_SOUTH_1 -> GCP_ASIA_EAST_1,38,20.462084310469496,112.23270446196204
AWS_US_WEST_1_CALIFORNIA -> AWS_US_WEST_2_OREGON -> AWS_US_EAST_2_OHIO,37,14.322546005076306,198.93386490791
AZURE_US_EAST -> GCP_US_CENTRAL_1 -> AWS_US_WEST_1_CALIFORNIA,37,8.571497435154342,139.17880905087463
AWS_US_EAST_2_OHIO -> AWS_US_WEST_2_OREGON -> GCP_ASIA_EAST_1,37,23.97628658531743,134.82575578704018
AWS_US_WEST_2_OREGON -> GCP_US_CENTRAL_1 -> AZURE_US_EAST -> AZURE_SOUTH_AFRICA_NORTH,36,21.386800662998805,70.3843934737884
AZURE_JAPAN_EAST -> AWS_US_WEST_2_OREGON -> AWS_US_WEST_1_CALIFORNIA,36,6.3630208017936924,63.86082023791971
AWS_EU_NORTH_1_STOCKHOLM -> AWS_EU_CENTRAL_1_FRANKFURT -> AZURE_BRAZIL_SOUTH -> AWS_SA_EAST_1_SAO_PAULO,36,13.82359392886136,73.12816738923175
AWS_EU_CENTRAL_1_FRANKFURT -> AWS_US_EAST_2_OHIO -> AWS_US_WEST_1_CALIFORNIA,35,25.448580065691722,166.9660334840554
GCP_EUROPE_NORTH_1 -> AWS_EU_CENTRAL_1_FRANKFURT -> AZURE_FRANCE_CENTRAL,35,3.967174228377187,117.1077088585771
AZURE_SOUTH_AFRICA_NORTH -> AWS_EU_NORTH_1_STOCKHOLM -> GCP_EUROPE_NORTH_1,35,0.589751019466133,3.806293271872164
AWS_US_EAST_2_OHIO -> AZURE_US_EAST -> GCP_AUSTRALIA_SOUTHEAST_1,35,19.28554819170218,99.58037336855523
GCP_EUROPE_NORTH_1 -> AWS_EU_CENTRAL_1_FRANKFURT -> AZURE_FRANCE_CENTRAL -> GCP_ASIA_EAST_1,35,5.572221903421523,26.830133779098844
AWS_US_EAST_2_OHIO -> AZURE_US_EAST -> GCP_US_CENTRAL_1 -> GCP_ASIA_EAST_1,34,20.944517400103365,114.5168118227358
AWS_US_WEST_1_CALIFORNIA -> AWS_US_EAST_2_OHIO -> AWS_EU_CENTRAL_1_FRANKFURT,33,26.668865865686257,172.78372306491042
AZURE_BRAZIL_SOUTH -> AZURE_FRANCE_CENTRAL -> AWS_EU_CENTRAL_1_FRANKFURT,33,4.0987740748529715,26.954598594351523
AZURE_BRAZIL_SOUTH -> AZURE_FRANCE_CENTRAL -> AWS_EU_NORTH_1_STOCKHOLM,33,8.85225881694102,50.43722860638013
AZURE_BRAZIL_SOUTH -> AZURE_US_EAST -> AWS_US_WEST_1_CALIFORNIA,32,1.003809589230797,7.3933234964727035
AWS_SA_EAST_1_SAO_PAULO -> AWS_US_WEST_2_OREGON -> AZURE_JAPAN_EAST,31,21.402377158663395,85.69374178284562
AWS_EU_NORTH_1_STOCKHOLM -> AZURE_FRANCE_CENTRAL -> AWS_US_WEST_2_OREGON,31,8.706832890185158,55.610840629399945
AWS_SA_EAST_1_SAO_PAULO -> GCP_US_CENTRAL_1 -> GCP_AUSTRALIA_SOUTHEAST_1,31,28.821545099394065,92.57519668150229
AZURE_BRAZIL_SOUTH -> AZURE_US_EAST -> AWS_US_WEST_2_OREGON,31,0.5521619636828933,3.7429572127210804
AWS_US_WEST_1_CALIFORNIA -> GCP_US_CENTRAL_1 -> GCP_AUSTRALIA_SOUTHEAST_1,30,15.95822806812461,79.64484322745096
AWS_EU_NORTH_1_STOCKHOLM -> GCP_US_CENTRAL_1 -> GCP_AUSTRALIA_SOUTHEAST_1,29,13.761128477227821,53.22842503001243
AWS_EU_NORTH_1_STOCKHOLM -> GCP_EUROPE_NORTH_1 -> AZURE_BRAZIL_SOUTH,29,7.699869418060995,42.126439953809495
AWS_EU_NORTH_1_STOCKHOLM -> GCP_EUROPE_NORTH_1 -> AZURE_SOUTH_AFRICA_NORTH,29,10.831960711595473,60.90603654430129
AWS_EU_NORTH_1_STOCKHOLM -> AWS_EU_CENTRAL_1_FRANKFURT -> AZURE_FRANCE_CENTRAL -> AWS_US_WEST_1_CALIFORNIA,29,18.595774971988455,115.6455125168684
AWS_SA_EAST_1_SAO_PAULO -> AWS_US_EAST_2_OHIO -> GCP_US_SOUTH_1,29,28.529551330535973,185.75165142446383
AZURE_SOUTH_AFRICA_NORTH -> AZURE_FRANCE_CENTRAL -> AWS_US_EAST_2_OHIO,28,3.729196072497836,18.569352461699793
AWS_US_WEST_1_CALIFORNIA -> AWS_US_EAST_2_OHIO -> AZURE_FRANCE_CENTRAL -> AZURE_SOUTH_AFRICA_NORTH,28,27.6694072138019,90.49669891637853
AWS_US_WEST_2_OREGON -> AZURE_FRANCE_CENTRAL -> AWS_EU_CENTRAL_1_FRANKFURT,27,18.434584427386095,118.52061071077355
AWS_US_EAST_2_OHIO -> AZURE_US_EAST -> AWS_US_WEST_1_CALIFORNIA,27,19.017851468691738,260.6931238542827
AWS_EU_NORTH_1_STOCKHOLM -> AWS_EU_CENTRAL_1_FRANKFURT -> AZURE_FRANCE_CENTRAL -> AZURE_US_EAST -> AWS_US_WEST_1_CALIFORNIA,26,16.13168133182496,102.776607627653
AWS_SA_EAST_1_SAO_PAULO -> AZURE_BRAZIL_SOUTH -> AZURE_FRANCE_CENTRAL -> AWS_EU_NORTH_1_STOCKHOLM,26,27.942592350137303,129.817661868328
AWS_SA_EAST_1_SAO_PAULO -> AZURE_BRAZIL_SOUTH -> AZURE_FRANCE_CENTRAL -> AWS_EU_CENTRAL_1_FRANKFURT,26,21.106804185686627,114.05569635455367
AWS_US_WEST_1_CALIFORNIA -> AWS_US_EAST_2_OHIO -> AWS_SA_EAST_1_SAO_PAULO -> AZURE_BRAZIL_SOUTH,26,22.119251707454666,126.93530943042833
AWS_SA_EAST_1_SAO_PAULO -> AZURE_US_EAST -> AWS_US_WEST_2_OREGON,26,22.87818832610401,125.57896096283969
GCP_EUROPE_NORTH_1 -> AZURE_BRAZIL_SOUTH -> AWS_SA_EAST_1_SAO_PAULO,25,0.8133599053701921,4.949467759325103
AWS_US_WEST_2_OREGON -> AWS_US_WEST_1_CALIFORNIA -> AWS_SA_EAST_1_SAO_PAULO,25,16.538485324306972,94.49129856574643
AWS_EU_NORTH_1_STOCKHOLM -> AWS_EU_CENTRAL_1_FRANKFURT -> AZURE_US_EAST -> GCP_US_CENTRAL_1,24,10.415374498732593,91.21882662088228
AWS_EU_NORTH_1_STOCKHOLM -> AWS_EU_CENTRAL_1_FRANKFURT -> AZURE_US_EAST -> AWS_US_WEST_1_CALIFORNIA,24,16.528311523579074,106.8230678320981
AWS_EU_NORTH_1_STOCKHOLM -> GCP_US_SOUTH_1 -> AWS_US_WEST_2_OREGON,24,10.556422256894942,66.34784562796415
AWS_US_EAST_2_OHIO -> AZURE_US_EAST -> GCP_US_SOUTH_1,23,13.275005677895516,288.86681902410874
AWS_US_WEST_2_OREGON -> AWS_US_WEST_1_CALIFORNIA -> AZURE_US_EAST,23,23.143652641593405,255.9086309825991
AWS_SA_EAST_1_SAO_PAULO -> AZURE_US_EAST -> AWS_EU_NORTH_1_STOCKHOLM,23,25.884109214903123,123.8738522982278
AWS_EU_NORTH_1_STOCKHOLM -> AWS_EU_CENTRAL_1_FRANKFURT -> AZURE_FRANCE_CENTRAL -> AZURE_US_EAST -> GCP_US_CENTRAL_1,22,10.404277180989492,89.32434803652836
AWS_US_WEST_2_OREGON -> GCP_US_SOUTH_1 -> AZURE_US_EAST -> AZURE_SOUTH_AFRICA_NORTH,22,26.662687124297907,83.80341249036246
AWS_EU_CENTRAL_1_FRANKFURT -> GCP_US_SOUTH_1 -> AWS_US_WEST_2_OREGON,22,19.667421095157227,121.4806930893036
AZURE_SOUTH_AFRICA_NORTH -> AZURE_US_EAST -> AWS_SA_EAST_1_SAO_PAULO,22,0.8254125848599071,3.0897374629242336
AWS_US_WEST_2_OREGON -> AWS_US_WEST_1_CALIFORNIA -> AZURE_BRAZIL_SOUTH,22,20.420419362738226,111.8977886599738
AWS_US_EAST_2_OHIO -> AZURE_US_EAST -> AZURE_FRANCE_CENTRAL -> AWS_EU_NORTH_1_STOCKHOLM,22,35.65404315538522,266.18751602003124
AWS_US_EAST_2_OHIO -> AWS_EU_CENTRAL_1_FRANKFURT -> AWS_EU_NORTH_1_STOCKHOLM,22,47.68508734584134,325.4735699100213
AWS_SA_EAST_1_SAO_PAULO -> GCP_US_SOUTH_1 -> AWS_US_WEST_1_CALIFORNIA,21,25.05154545485494,141.31066708951812
AWS_EU_NORTH_1_STOCKHOLM -> AWS_SA_EAST_1_SAO_PAULO -> AZURE_BRAZIL_SOUTH,21,10.914286867662323,58.97917746412236
AWS_EU_NORTH_1_STOCKHOLM -> AWS_EU_CENTRAL_1_FRANKFURT -> AZURE_US_EAST -> AWS_US_EAST_2_OHIO,21,14.394267203046581,134.32651199725012
GCP_US_SOUTH_1 -> GCP_US_CENTRAL_1 -> AWS_US_EAST_2_OHIO,21,23.811964034426172,556.3761276330752
AWS_SA_EAST_1_SAO_PAULO -> AZURE_FRANCE_CENTRAL -> GCP_EUROPE_NORTH_1,21,24.380927861215618,114.86020176760798
AWS_EU_NORTH_1_STOCKHOLM -> GCP_EUROPE_NORTH_1 -> AZURE_US_EAST -> AWS_US_WEST_1_CALIFORNIA,21,20.622066179463282,125.54771679512123
AWS_EU_CENTRAL_1_FRANKFURT -> AZURE_US_EAST -> GCP_AUSTRALIA_SOUTHEAST_1,20,27.84033275860065,99.30379483844871
AWS_EU_NORTH_1_STOCKHOLM -> AZURE_US_EAST -> AWS_US_EAST_2_OHIO -> AWS_US_WEST_1_CALIFORNIA,20,21.260928280353582,134.24025191567125
AWS_US_EAST_2_OHIO -> GCP_US_CENTRAL_1 -> GCP_US_SOUTH_1 -> AZURE_JAPAN_EAST,20,15.595053619947036,98.95816235792483
AWS_US_WEST_1_CALIFORNIA -> GCP_US_SOUTH_1 -> GCP_US_CENTRAL_1 -> AZURE_SOUTH_AFRICA_NORTH,20,23.544757336813326,77.81047873196297
AWS_EU_NORTH_1_STOCKHOLM -> GCP_EUROPE_NORTH_1 -> AWS_US_WEST_2_OREGON,19,12.73261643588231,78.17721711479578
AWS_EU_CENTRAL_1_FRANKFURT -> GCP_US_CENTRAL_1 -> GCP_AUSTRALIA_SOUTHEAST_1,18,21.511458242722327,80.63259678176462
AWS_US_WEST_1_CALIFORNIA -> AZURE_JAPAN_EAST -> GCP_AUSTRALIA_SOUTHEAST_1,18,17.011760689109156,85.73115247697967
AZURE_SOUTH_AFRICA_NORTH -> AZURE_FRANCE_CENTRAL -> AWS_SA_EAST_1_SAO_PAULO,18,0.4938634271108291,1.8566477865690558
AWS_US_WEST_2_OREGON -> AZURE_FRANCE_CENTRAL -> AWS_EU_NORTH_1_STOCKHOLM,18,32.00924748493175,167.73355564008637
AWS_EU_NORTH_1_STOCKHOLM -> GCP_EUROPE_NORTH_1 -> AWS_US_EAST_2_OHIO -> AWS_US_WEST_1_CALIFORNIA,17,14.449216353478084,94.03021259147852
AZURE_BRAZIL_SOUTH -> AWS_US_EAST_2_OHIO -> AWS_US_WEST_1_CALIFORNIA,17,1.1750321425555872,8.737707807829793
AWS_SA_EAST_1_SAO_PAULO -> AZURE_BRAZIL_SOUTH -> AZURE_US_EAST -> AWS_US_WEST_1_CALIFORNIA,17,21.043793452350183,123.50834596043774
AZURE_SOUTH_AFRICA_NORTH -> AWS_SA_EAST_1_SAO_PAULO -> AZURE_BRAZIL_SOUTH,17,0.5928953158792072,2.2301901445629255
AWS_SA_EAST_1_SAO_PAULO -> AZURE_US_EAST -> AWS_EU_CENTRAL_1_FRANKFURT,17,28.694016530457105,144.69700718905347
AWS_SA_EAST_1_SAO_PAULO -> GCP_US_CENTRAL_1 -> GCP_US_SOUTH_1,17,34.324432382382795,209.9171674750629
AWS_EU_NORTH_1_STOCKHOLM -> AWS_EU_CENTRAL_1_FRANKFURT -> AZURE_FRANCE_CENTRAL -> AWS_US_EAST_2_OHIO -> AWS_US_WEST_2_OREGON,16,11.861835377107683,78.4597796354833
AZURE_SOUTH_AFRICA_NORTH -> AZURE_US_EAST -> AWS_US_EAST_2_OHIO -> AWS_US_WEST_1_CALIFORNIA,16,1.8126941495147426,7.782032442704576
AZURE_SOUTH_AFRICA_NORTH -> AZURE_FRANCE_CENTRAL -> GCP_ASIA_EAST_1,16,4.116824336697865,13.714012747324432
AZURE_BRAZIL_SOUTH -> AWS_SA_EAST_1_SAO_PAULO -> AWS_US_WEST_1_CALIFORNIA,15,1.178996015062909,8.753263887291041
AWS_SA_EAST_1_SAO_PAULO -> AZURE_BRAZIL_SOUTH -> AZURE_US_EAST -> AWS_US_WEST_2_OREGON,15,20.037330674593466,108.42435796097118
AWS_US_WEST_1_CALIFORNIA -> GCP_EUROPE_NORTH_1 -> AWS_EU_NORTH_1_STOCKHOLM,15,36.412637395049146,190.45347972005686
AWS_EU_NORTH_1_STOCKHOLM -> AZURE_US_EAST -> AWS_US_WEST_2_OREGON,15,15.024504119178053,92.52494167808356
AWS_US_WEST_2_OREGON -> AZURE_US_EAST -> AWS_US_EAST_2_OHIO,15,21.40101609377907,229.16050796112404
AWS_US_WEST_2_OREGON -> AWS_US_EAST_2_OHIO -> AWS_EU_NORTH_1_STOCKHOLM,15,27.59390997117356,155.19996235507517
AWS_EU_NORTH_1_STOCKHOLM -> AWS_EU_CENTRAL_1_FRANKFURT -> AWS_US_EAST_2_OHIO,15,15.204143474781558,142.4252482448419
AWS_SA_EAST_1_SAO_PAULO -> AZURE_US_EAST -> AZURE_FRANCE_CENTRAL,15,18.73979009208038,106.50108764778963
AWS_SA_EAST_1_SAO_PAULO -> AWS_US_EAST_2_OHIO -> GCP_US_CENTRAL_1,15,28.011812312787914,189.82400037538275
AWS_SA_EAST_1_SAO_PAULO -> AWS_US_WEST_1_CALIFORNIA -> AWS_US_WEST_2_OREGON,14,22.564778323827202,122.37832079675161
AWS_US_WEST_2_OREGON -> AWS_US_EAST_2_OHIO -> AZURE_FRANCE_CENTRAL -> GCP_EUROPE_NORTH_1,14,21.4219675224575,126.06509139524769
AWS_US_WEST_2_OREGON -> AWS_US_EAST_2_OHIO -> AZURE_US_EAST -> AZURE_FRANCE_CENTRAL -> AZURE_SOUTH_AFRICA_NORTH,14,25.1405615298612,81.415451691807
AZURE_SOUTH_AFRICA_NORTH -> AWS_EU_CENTRAL_1_FRANKFURT -> GCP_EUROPE_NORTH_1,14,0.6154065120675265,3.9669933504465007
AZURE_SOUTH_AFRICA_NORTH -> AZURE_FRANCE_CENTRAL -> AWS_US_EAST_2_OHIO -> AWS_US_WEST_2_OREGON,14,2.3875228897860628,9.825281342089795
AWS_US_WEST_1_CALIFORNIA -> AWS_US_EAST_2_OHIO -> AZURE_FRANCE_CENTRAL -> AWS_EU_NORTH_1_STOCKHOLM,14,35.87110873579276,194.72199061591266
AWS_SA_EAST_1_SAO_PAULO -> AWS_US_EAST_2_OHIO -> GCP_US_CENTRAL_1 -> GCP_ASIA_EAST_1,13,19.68070568480841,70.29392863532144
AWS_SA_EAST_1_SAO_PAULO -> AZURE_BRAZIL_SOUTH -> AWS_US_EAST_2_OHIO -> AWS_US_WEST_1_CALIFORNIA,13,19.44345185339452,116.65798678842782
AWS_EU_CENTRAL_1_FRANKFURT -> AZURE_US_EAST -> AWS_US_EAST_2_OHIO -> AWS_US_WEST_1_CALIFORNIA,13,29.13340842791844,187.12331591525742
AWS_EU_CENTRAL_1_FRANKFURT -> AZURE_US_EAST -> AZURE_JAPAN_EAST,12,18.76454890562441,85.27397858151932
AWS_US_WEST_1_CALIFORNIA -> AZURE_FRANCE_CENTRAL -> GCP_EUROPE_NORTH_1,12,25.715736771962376,143.93035511781306
AWS_US_WEST_1_CALIFORNIA -> AWS_US_WEST_2_OREGON -> AWS_EU_CENTRAL_1_FRANKFURT,12,21.667605801521123,141.8336797315951
AZURE_SOUTH_AFRICA_NORTH -> AZURE_FRANCE_CENTRAL -> AWS_EU_CENTRAL_1_FRANKFURT,12,6.6147173718641525,45.65188728715839
AWS_EU_NORTH_1_STOCKHOLM -> GCP_EUROPE_NORTH_1 -> AWS_EU_CENTRAL_1_FRANKFURT,12,20.931152112254917,532.2941904642339
AWS_US_WEST_2_OREGON -> AWS_US_WEST_1_CALIFORNIA -> AZURE_FRANCE_CENTRAL,12,34.88467326558726,196.3265942671744
AWS_US_WEST_2_OREGON -> AWS_EU_CENTRAL_1_FRANKFURT -> AZURE_SOUTH_AFRICA_NORTH,12,29.45193635156265,93.35801701775142
GCP_US_CENTRAL_1 -> GCP_US_SOUTH_1 -> AWS_US_WEST_1_CALIFORNIA,11,18.272543751015185,334.4100929364449
GCP_US_CENTRAL_1 -> GCP_US_SOUTH_1 -> AWS_US_WEST_2_OREGON,11,25.665797005498348,377.02693216054877
AWS_US_WEST_1_CALIFORNIA -> AWS_US_EAST_2_OHIO -> GCP_US_CENTRAL_1,11,13.336753714558384,176.9700186167688
AWS_US_WEST_2_OREGON -> AWS_US_EAST_2_OHIO -> GCP_EUROPE_NORTH_1 -> AWS_EU_NORTH_1_STOCKHOLM,11,18.913853413834506,114.14599515507234
AWS_EU_NORTH_1_STOCKHOLM -> GCP_EUROPE_NORTH_1 -> AZURE_JAPAN_EAST,11,21.200224487452168,90.80700200351441
GCP_US_SOUTH_1 -> GCP_US_CENTRAL_1 -> AZURE_US_EAST,11,12.669681952964707,349.088695014364
AWS_US_WEST_2_OREGON -> AWS_US_WEST_1_CALIFORNIA -> AWS_US_EAST_2_OHIO -> AZURE_US_EAST,11,13.304534215249278,156.57644213266144
AWS_US_EAST_2_OHIO -> AWS_US_WEST_2_OREGON -> AWS_US_WEST_1_CALIFORNIA,11,11.700831282441486,175.16934718476045
AWS_EU_CENTRAL_1_FRANKFURT -> AWS_SA_EAST_1_SAO_PAULO -> AZURE_BRAZIL_SOUTH,10,5.747796547539625,34.12410665121536
AZURE_FRANCE_CENTRAL -> AWS_EU_CENTRAL_1_FRANKFURT -> GCP_EUROPE_NORTH_1,10,4.7524018126622725,135.2817799824602
AWS_US_WEST_1_CALIFORNIA -> AWS_EU_CENTRAL_1_FRANKFURT -> AZURE_FRANCE_CENTRAL,10,11.28966767649474,82.84510819969421
AZURE_SOUTH_AFRICA_NORTH -> AZURE_US_EAST -> AZURE_BRAZIL_SOUTH,10,0.4471023262167439,1.6802396233038621
AZURE_JAPAN_EAST -> GCP_US_SOUTH_1 -> AWS_US_EAST_2_OHIO,10,8.139669619528155,56.762200717551195
GCP_US_SOUTH_1 -> AZURE_US_EAST -> AWS_EU_CENTRAL_1_FRANKFURT,10,9.273823130898869,92.12406829891529
AWS_EU_NORTH_1_STOCKHOLM -> AWS_EU_CENTRAL_1_FRANKFURT -> AZURE_US_EAST -> GCP_US_SOUTH_1,10,7.7364551357741975,65.08766559602691
AWS_US_WEST_1_CALIFORNIA -> AWS_US_EAST_2_OHIO -> AZURE_BRAZIL_SOUTH -> AWS_SA_EAST_1_SAO_PAULO,10,26.6719014308492,148.12905645377475
GCP_US_CENTRAL_1 -> AZURE_US_EAST -> AWS_EU_CENTRAL_1_FRANKFURT,10,10.448829416518974,110.45118903778211
GCP_ASIA_EAST_1 -> AZURE_FRANCE_CENTRAL -> AWS_EU_CENTRAL_1_FRANKFURT -> GCP_EUROPE_NORTH_1,10,5.488962766173757,26.389624061045538
AWS_EU_NORTH_1_STOCKHOLM -> AWS_EU_CENTRAL_1_FRANKFURT -> AZURE_FRANCE_CENTRAL -> AWS_US_EAST_2_OHIO -> AWS_US_WEST_1_CALIFORNIA,9,18.367094795540932,117.0495194856743
GCP_US_SOUTH_1 -> GCP_US_CENTRAL_1 -> AZURE_US_EAST -> AZURE_FRANCE_CENTRAL,9,2.066245554901241,21.86258910599372
GCP_ASIA_EAST_1 -> AZURE_FRANCE_CENTRAL -> AZURE_SOUTH_AFRICA_NORTH,9,12.210595651517137,37.88504496107487
AWS_EU_CENTRAL_1_FRANKFURT -> AWS_US_WEST_2_OREGON -> AWS_US_WEST_1_CALIFORNIA,9,11.444823947494074,81.8106481755807
AWS_US_WEST_1_CALIFORNIA -> AWS_EU_CENTRAL_1_FRANKFURT -> GCP_EUROPE_NORTH_1,9,18.027232492011468,109.97719017793338
AWS_US_WEST_2_OREGON -> AWS_US_EAST_2_OHIO -> AZURE_US_EAST -> AZURE_FRANCE_CENTRAL -> AWS_EU_CENTRAL_1_FRANKFURT,9,10.602470012480959,76.79667898197386
AWS_US_WEST_1_CALIFORNIA -> AZURE_US_EAST -> AZURE_FRANCE_CENTRAL -> AWS_EU_CENTRAL_1_FRANKFURT,9,22.59288928736861,147.17474208776798
AZURE_SOUTH_AFRICA_NORTH -> AWS_US_EAST_2_OHIO -> GCP_US_SOUTH_1,9,0.9254825318746268,4.293439458508146
AWS_US_WEST_2_OREGON -> AWS_US_WEST_1_CALIFORNIA -> AZURE_US_EAST -> AZURE_SOUTH_AFRICA_NORTH,9,16.505086471650397,56.19742307208867
AWS_US_WEST_2_OREGON -> AWS_US_WEST_1_CALIFORNIA -> AZURE_US_EAST -> AZURE_FRANCE_CENTRAL,9,10.47549963624498,70.83450399854644
AWS_US_WEST_2_OREGON -> AWS_EU_CENTRAL_1_FRANKFURT -> GCP_EUROPE_NORTH_1 -> AWS_EU_NORTH_1_STOCKHOLM,9,27.409413687399176,153.151832581456
AWS_US_WEST_2_OREGON -> GCP_EUROPE_NORTH_1 -> AWS_EU_NORTH_1_STOCKHOLM,9,44.01684804007823,205.3744341908532
AWS_US_WEST_2_OREGON -> AWS_US_WEST_1_CALIFORNIA -> AWS_SA_EAST_1_SAO_PAULO -> AZURE_BRAZIL_SOUTH,9,22.566905019986415,118.47789127551653
AWS_EU_NORTH_1_STOCKHOLM -> AWS_US_WEST_2_OREGON -> AWS_US_WEST_1_CALIFORNIA,9,19.766689229727127,120.87756530201455
AWS_US_WEST_1_CALIFORNIA -> GCP_US_CENTRAL_1 -> AZURE_US_EAST -> AWS_SA_EAST_1_SAO_PAULO,9,16.704404154150033,98.48200365509763
AZURE_BRAZIL_SOUTH -> AZURE_US_EAST -> AZURE_SOUTH_AFRICA_NORTH,9,1.5077879928790388,5.607775693924566
AZURE_FRANCE_CENTRAL -> AZURE_US_EAST -> AWS_US_EAST_2_OHIO,8,21.522430201409612,247.19228132995204
AWS_US_WEST_2_OREGON -> GCP_US_SOUTH_1 -> GCP_US_CENTRAL_1 -> AZURE_SOUTH_AFRICA_NORTH,8,22.329641264752407,72.39381534445494
AWS_US_WEST_1_CALIFORNIA -> AZURE_US_EAST -> AZURE_FRANCE_CENTRAL -> AZURE_SOUTH_AFRICA_NORTH,8,14.75983780833772,53.26175427557507
AZURE_US_EAST -> AZURE_BRAZIL_SOUTH -> AWS_SA_EAST_1_SAO_PAULO,8,24.98640604307902,219.76573679619082
AWS_US_WEST_2_OREGON -> AWS_EU_CENTRAL_1_FRANKFURT -> AZURE_FRANCE_CENTRAL -> AWS_EU_NORTH_1_STOCKHOLM,8,27.965353036181806,152.84134017654628
AWS_EU_NORTH_1_STOCKHOLM -> AWS_EU_CENTRAL_1_FRANKFURT -> GCP_US_CENTRAL_1 -> AWS_US_WEST_1_CALIFORNIA,8,13.061436354352713,84.50905725817461
AWS_SA_EAST_1_SAO_PAULO -> AZURE_US_EAST -> GCP_US_CENTRAL_1 -> GCP_AUSTRALIA_SOUTHEAST_1,8,22.85342951447389,77.37809653782523
AZURE_BRAZIL_SOUTH -> AZURE_US_EAST -> AWS_US_EAST_2_OHIO,8,18.869507070602243,163.37213453721495
AWS_EU_CENTRAL_1_FRANKFURT -> AZURE_FRANCE_CENTRAL -> AZURE_US_EAST -> AWS_US_EAST_2_OHIO,7,27.444568697548462,258.65678141874264
AWS_EU_CENTRAL_1_FRANKFURT -> GCP_US_SOUTH_1 -> GCP_AUSTRALIA_SOUTHEAST_1,7,19.344602801838334,73.20272445465292
AWS_US_WEST_1_CALIFORNIA -> GCP_US_SOUTH_1 -> AZURE_JAPAN_EAST,7,3.8954293255410555,26.19422774262989
AWS_EU_CENTRAL_1_FRANKFURT -> AWS_EU_NORTH_1_STOCKHOLM -> AWS_US_WEST_2_OREGON,7,16.932188779790884,104.57477380150715
GCP_EUROPE_NORTH_1 -> AZURE_US_EAST -> AWS_US_EAST_2_OHIO,7,19.716146067714075,183.6409112720446
GCP_AUSTRALIA_SOUTHEAST_1 -> AWS_US_WEST_1_CALIFORNIA -> AWS_US_WEST_2_OREGON,7,16.104527729443927,105.6626281948254
AZURE_JAPAN_EAST -> AZURE_FRANCE_CENTRAL -> AZURE_SOUTH_AFRICA_NORTH,7,11.0518483006804,34.93559330363371
AWS_US_WEST_2_OREGON -> AWS_US_WEST_1_CALIFORNIA -> GCP_US_CENTRAL_1 -> AZURE_SOUTH_AFRICA_NORTH,7,19.65911103046736,64.31869157420766
AWS_US_WEST_2_OREGON -> AWS_US_EAST_2_OHIO -> GCP_US_SOUTH_1,7,13.790829183736708,173.096658755833
GCP_US_SOUTH_1 -> GCP_US_CENTRAL_1 -> AWS_US_WEST_1_CALIFORNIA,7,21.98831854551357,364.31440555467907
AWS_EU_NORTH_1_STOCKHOLM -> AWS_EU_CENTRAL_1_FRANKFURT -> AWS_SA_EAST_1_SAO_PAULO,7,15.59973635032341,79.88458369300929
AWS_US_WEST_2_OREGON -> AWS_US_WEST_1_CALIFORNIA -> AWS_EU_CENTRAL_1_FRANKFURT,7,15.291146381079473,98.29503315768545
AWS_SA_EAST_1_SAO_PAULO -> GCP_US_CENTRAL_1 -> AWS_US_WEST_1_CALIFORNIA,7,37.903750461958865,189.42324581012872
AWS_SA_EAST_1_SAO_PAULO -> AWS_US_WEST_1_CALIFORNIA -> AZURE_JAPAN_EAST,6,32.95788560604791,117.87583727485992
AWS_US_WEST_1_CALIFORNIA -> AWS_US_EAST_2_OHIO -> AZURE_US_EAST -> AZURE_FRANCE_CENTRAL -> AZURE_SOUTH_AFRICA_NORTH,6,26.549632453610815,86.35035748516043
AWS_US_WEST_1_CALIFORNIA -> AWS_US_EAST_2_OHIO -> AZURE_US_EAST -> AZURE_FRANCE_CENTRAL -> AWS_EU_CENTRAL_1_FRANKFURT,6,8.43195239203158,62.30914538816171
AWS_SA_EAST_1_SAO_PAULO -> AWS_US_EAST_2_OHIO -> AWS_US_WEST_2_OREGON -> AZURE_JAPAN_EAST,6,29.738819815456445,109.62550004950327
AWS_SA_EAST_1_SAO_PAULO -> AZURE_BRAZIL_SOUTH -> AZURE_US_EAST -> AZURE_SOUTH_AFRICA_NORTH,6,30.04347707210132,85.14959716066699
AWS_EU_CENTRAL_1_FRANKFURT -> AWS_US_EAST_2_OHIO -> GCP_US_CENTRAL_1,6,24.24936832837064,186.54770891935755
AWS_US_WEST_2_OREGON -> AWS_US_WEST_1_CALIFORNIA -> AWS_US_EAST_2_OHIO -> AZURE_US_EAST -> AZURE_FRANCE_CENTRAL,6,23.110792051665786,139.24458372136644
GCP_AUSTRALIA_SOUTHEAST_1 -> GCP_US_SOUTH_1 -> GCP_US_CENTRAL_1,6,9.490166671919843,61.21843755776092
AZURE_SOUTH_AFRICA_NORTH -> AZURE_FRANCE_CENTRAL -> AWS_US_WEST_2_OREGON,6,1.4559231343274055,5.877214937350743
AWS_US_WEST_2_OREGON -> AWS_US_WEST_1_CALIFORNIA -> AZURE_US_EAST -> AZURE_BRAZIL_SOUTH,6,19.337430633562228,101.56362192303288
AWS_EU_NORTH_1_STOCKHOLM -> AWS_EU_CENTRAL_1_FRANKFURT -> AZURE_FRANCE_CENTRAL -> AWS_US_WEST_2_OREGON,6,10.604884500614343,66.54199597770071
AWS_EU_NORTH_1_STOCKHOLM -> GCP_US_SOUTH_1 -> GCP_AUSTRALIA_SOUTHEAST_1,6,14.27686972446087,54.343061326567295
AWS_US_WEST_2_OREGON -> GCP_ASIA_EAST_1 -> AZURE_JAPAN_EAST,6,8.8204503714315,54.67405150318723
AWS_US_WEST_1_CALIFORNIA -> AWS_US_EAST_2_OHIO -> GCP_EUROPE_NORTH_1 -> AWS_EU_NORTH_1_STOCKHOLM,6,48.54349747103161,232.42550593643472
AWS_US_WEST_2_OREGON -> AWS_US_WEST_1_CALIFORNIA -> GCP_US_SOUTH_1 -> GCP_US_CENTRAL_1,6,17.100345023319694,210.45185039728767
AWS_SA_EAST_1_SAO_PAULO -> AZURE_BRAZIL_SOUTH -> AZURE_JAPAN_EAST,6,35.768676482625594,122.58066580327898
GCP_US_CENTRAL_1 -> AZURE_US_EAST -> AWS_US_EAST_2_OHIO,6,19.69927223281667,527.4692620765873
AWS_SA_EAST_1_SAO_PAULO -> GCP_US_CENTRAL_1 -> AWS_US_WEST_2_OREGON,6,17.353112130297585,95.96309199652433
AZURE_FRANCE_CENTRAL -> AWS_EU_CENTRAL_1_FRANKFURT -> AWS_EU_NORTH_1_STOCKHOLM,5,11.166125282771045,387.5506578130712
AWS_EU_CENTRAL_1_FRANKFURT -> AWS_US_EAST_2_OHIO -> GCP_US_SOUTH_1,5,31.791679797901267,228.32362020349603
GCP_AUSTRALIA_SOUTHEAST_1 -> GCP_US_CENTRAL_1 -> AZURE_US_EAST,5,1.396764069700708,9.046868575050894
GCP_EUROPE_NORTH_1 -> AZURE_FRANCE_CENTRAL -> AZURE_SOUTH_AFRICA_NORTH,5,3.8157061469036515,23.770966888503267
GCP_EUROPE_NORTH_1 -> GCP_US_CENTRAL_1 -> AWS_US_WEST_2_OREGON,5,0.7688944728508902,5.558842662528491
AZURE_SOUTH_AFRICA_NORTH -> AZURE_FRANCE_CENTRAL -> AWS_US_WEST_1_CALIFORNIA,5,0.645352080982344,2.7262566383488434
AWS_US_WEST_2_OREGON -> AWS_US_EAST_2_OHIO -> AZURE_US_EAST -> AZURE_FRANCE_CENTRAL -> AWS_EU_NORTH_1_STOCKHOLM,5,28.56838747449138,158.03778430021714
AWS_EU_NORTH_1_STOCKHOLM -> AZURE_FRANCE_CENTRAL -> AWS_EU_CENTRAL_1_FRANKFURT,5,9.007037485723215,247.23898780863783
AWS_US_WEST_1_CALIFORNIA -> GCP_US_SOUTH_1 -> AZURE_US_EAST -> AZURE_BRAZIL_SOUTH,5,19.790208333901795,113.50854651246755
AWS_EU_NORTH_1_STOCKHOLM -> GCP_EUROPE_NORTH_1 -> GCP_AUSTRALIA_SOUTHEAST_1,5,15.558027493466392,58.33413330636603
AZURE_JAPAN_EAST -> AZURE_FRANCE_CENTRAL -> AWS_EU_CENTRAL_1_FRANKFURT -> AWS_EU_NORTH_1_STOCKHOLM,5,4.876672593336038,25.21246866908416
AWS_US_WEST_2_OREGON -> GCP_US_CENTRAL_1 -> GCP_AUSTRALIA_SOUTHEAST_1,5,6.909871474826142,35.346193838965746
AWS_US_WEST_2_OREGON -> AWS_US_WEST_1_CALIFORNIA -> GCP_US_CENTRAL_1 -> GCP_EUROPE_NORTH_1,5,12.221600756235015,70.81452010771909
AWS_US_WEST_2_OREGON -> AWS_US_WEST_1_CALIFORNIA -> GCP_US_CENTRAL_1 -> AWS_EU_NORTH_1_STOCKHOLM,5,32.50659542371358,162.3030229875207
AWS_US_WEST_2_OREGON -> AWS_US_WEST_1_CALIFORNIA -> AZURE_SOUTH_AFRICA_NORTH,5,40.15350936538291,114.43081291323796
AWS_SA_EAST_1_SAO_PAULO -> AZURE_US_EAST -> AWS_US_EAST_2_OHIO -> AWS_US_WEST_1_CALIFORNIA,5,31.181273603100507,173.30428727049332
GCP_ASIA_EAST_1 -> AZURE_FRANCE_CENTRAL -> AWS_EU_CENTRAL_1_FRANKFURT -> AWS_EU_NORTH_1_STOCKHOLM,5,7.634986906080235,37.56075429187871
AWS_US_EAST_2_OHIO -> AWS_US_WEST_2_OREGON -> AZURE_JAPAN_EAST -> GCP_ASIA_EAST_1,5,10.85782688673407,64.67587145885057
AWS_EU_NORTH_1_STOCKHOLM -> AWS_EU_CENTRAL_1_FRANKFURT -> AZURE_FRANCE_CENTRAL -> AZURE_BRAZIL_SOUTH -> AWS_SA_EAST_1_SAO_PAULO,4,8.646273595593321,47.50609124180994
AWS_US_WEST_2_OREGON -> AZURE_US_EAST -> AZURE_FRANCE_CENTRAL -> AZURE_SOUTH_AFRICA_NORTH,4,25.14210092246767,79.0831603883546
GCP_US_CENTRAL_1 -> GCP_US_SOUTH_1 -> GCP_AUSTRALIA_SOUTHEAST_1,4,9.2775540132003,60.0128945875565
AWS_US_EAST_2_OHIO -> AZURE_US_EAST -> AWS_EU_CENTRAL_1_FRANKFURT -> AWS_EU_NORTH_1_STOCKHOLM,4,23.448246632325027,196.11356896385325
AWS_EU_NORTH_1_STOCKHOLM -> AWS_EU_CENTRAL_1_FRANKFURT -> AZURE_FRANCE_CENTRAL -> AZURE_US_EAST -> GCP_US_SOUTH_1,4,9.020946483368885,73.8825513431841
AZURE_JAPAN_EAST -> AZURE_US_EAST -> AZURE_BRAZIL_SOUTH -> AWS_SA_EAST_1_SAO_PAULO,4,2.7069597137268877,12.709951652639006
AWS_SA_EAST_1_SAO_PAULO -> AZURE_BRAZIL_SOUTH -> AZURE_US_EAST -> AWS_US_EAST_2_OHIO,4,27.523731041572475,207.92338339577827
AZURE_SOUTH_AFRICA_NORTH -> AZURE_US_EAST -> GCP_US_CENTRAL_1 -> AWS_US_WEST_2_OREGON,4,1.5582797894712481,6.334670816845573
AWS_US_WEST_2_OREGON -> GCP_US_SOUTH_1 -> AZURE_US_EAST -> AZURE_BRAZIL_SOUTH,4,7.255743364213894,43.453784974633436
AZURE_JAPAN_EAST -> AWS_US_WEST_2_OREGON -> AWS_SA_EAST_1_SAO_PAULO -> AZURE_BRAZIL_SOUTH,4,0.8025890283197932,3.8413828919249227
AWS_US_WEST_1_CALIFORNIA -> GCP_US_CENTRAL_1 -> GCP_ASIA_EAST_1,4,9.694173816589192,54.52323826371776
AWS_US_WEST_2_OREGON -> AWS_US_WEST_1_CALIFORNIA -> AWS_US_EAST_2_OHIO -> AZURE_US_EAST -> AZURE_SOUTH_AFRICA_NORTH,4,38.61165604984824,109.98464368014135
AZURE_JAPAN_EAST -> AWS_US_WEST_2_OREGON -> AWS_US_EAST_2_OHIO -> AWS_SA_EAST_1_SAO_PAULO,4,4.532364461654446,21.201344689762323
AZURE_JAPAN_EAST -> AWS_US_WEST_2_OREGON -> AWS_US_EAST_2_OHIO -> AZURE_US_EAST,4,6.604506037520109,50.29015032434904
GCP_ASIA_EAST_1 -> AZURE_JAPAN_EAST -> AWS_US_WEST_1_CALIFORNIA,4,13.829929615222023,103.80799964094433
GCP_ASIA_EAST_1 -> AZURE_JAPAN_EAST -> AWS_US_WEST_2_OREGON,4,44.12743546155223,282.68553038020127
GCP_EUROPE_NORTH_1 -> AZURE_US_EAST -> AWS_US_WEST_2_OREGON,4,7.2053175721210225,48.64774788425177
AWS_US_WEST_2_OREGON -> GCP_US_CENTRAL_1 -> AZURE_US_EAST -> AWS_SA_EAST_1_SAO_PAULO,4,5.131486391313272,31.73322250071442
AWS_US_WEST_1_CALIFORNIA -> AWS_EU_NORTH_1_STOCKHOLM -> GCP_EUROPE_NORTH_1,4,18.47631105844769,111.87172236685694
AWS_US_WEST_2_OREGON -> AWS_US_EAST_2_OHIO -> AWS_EU_CENTRAL_1_FRANKFURT -> AWS_EU_NORTH_1_STOCKHOLM,4,20.88509648723776,123.8755576695986
AWS_EU_NORTH_1_STOCKHOLM -> AZURE_US_EAST -> GCP_AUSTRALIA_SOUTHEAST_1,4,12.662877111249074,49.16973670471856
AZURE_SOUTH_AFRICA_NORTH -> AZURE_FRANCE_CENTRAL -> AZURE_US_EAST -> GCP_US_SOUTH_1,4,1.3754474574228963,6.397713539197014
AWS_EU_NORTH_1_STOCKHOLM -> AWS_EU_CENTRAL_1_FRANKFURT -> AZURE_US_EAST -> AWS_US_EAST_2_OHIO -> AWS_US_WEST_2_OREGON,4,12.231873112141296,79.47334156131706
AWS_US_WEST_2_OREGON -> AWS_US_WEST_1_CALIFORNIA -> AZURE_JAPAN_EAST -> GCP_ASIA_EAST_1,4,17.130695656155396,101.01340994612042
AWS_US_WEST_2_OREGON -> AWS_US_WEST_1_CALIFORNIA -> AZURE_BRAZIL_SOUTH -> AWS_SA_EAST_1_SAO_PAULO,4,18.06622482049066,98.06276348022288
AWS_US_WEST_2_OREGON -> AWS_US_WEST_1_CALIFORNIA -> GCP_US_CENTRAL_1 -> AZURE_US_EAST,4,13.984262846624304,156.04326764624375
AZURE_US_EAST -> AWS_EU_CENTRAL_1_FRANKFURT -> AWS_EU_NORTH_1_STOCKHOLM,4,6.5842195262436825,74.032218582327
GCP_US_SOUTH_1 -> AWS_US_WEST_1_CALIFORNIA -> AWS_US_WEST_2_OREGON,4,20.280897160995554,309.24184001748085
GCP_US_SOUTH_1 -> AZURE_US_EAST -> AZURE_FRANCE_CENTRAL -> AZURE_SOUTH_AFRICA_NORTH,4,0.20335943774552043,0.9595128700401574
AWS_US_EAST_2_OHIO -> AWS_EU_CENTRAL_1_FRANKFURT -> GCP_EUROPE_NORTH_1,4,15.8530641891998,126.88271907412195
AWS_SA_EAST_1_SAO_PAULO -> GCP_US_SOUTH_1 -> GCP_US_CENTRAL_1,3,16.809931504074882,119.78040083781104
AWS_US_WEST_2_OREGON -> AZURE_US_EAST -> AZURE_FRANCE_CENTRAL -> AWS_EU_CENTRAL_1_FRANKFURT,3,15.127838267069778,97.8598008435414
AZURE_BRAZIL_SOUTH -> AWS_EU_CENTRAL_1_FRANKFURT -> AWS_EU_NORTH_1_STOCKHOLM,3,9.739154635916364,55.32375025725685
AWS_EU_CENTRAL_1_FRANKFURT -> GCP_US_SOUTH_1 -> GCP_US_CENTRAL_1,3,35.48149409503971,249.55826181868724
GCP_EUROPE_NORTH_1 -> AZURE_US_EAST -> AWS_US_EAST_2_OHIO -> AWS_US_WEST_2_OREGON,3,3.438647461844341,25.3625343145643
AWS_US_WEST_1_CALIFORNIA -> AWS_US_WEST_2_OREGON -> GCP_US_SOUTH_1,3,12.285726488435937,161.26194441016287
GCP_AUSTRALIA_SOUTHEAST_1 -> GCP_US_SOUTH_1 -> AWS_SA_EAST_1_SAO_PAULO,3,20.40157310082363,72.64260213352208
GCP_AUSTRALIA_SOUTHEAST_1 -> GCP_US_SOUTH_1 -> AWS_US_EAST_2_OHIO,3,42.91044943434422,194.8271734417729
GCP_ASIA_EAST_1 -> GCP_US_SOUTH_1 -> GCP_US_CENTRAL_1,3,33.53931955282257,182.86467832678125
AZURE_JAPAN_EAST -> AZURE_US_EAST -> AZURE_FRANCE_CENTRAL,3,7.435071456262358,39.285628426837775
AZURE_JAPAN_EAST -> GCP_EUROPE_NORTH_1 -> AWS_EU_NORTH_1_STOCKHOLM,3,0.3291955751350138,1.7112534156430002
AZURE_JAPAN_EAST -> AWS_US_WEST_1_CALIFORNIA -> AWS_SA_EAST_1_SAO_PAULO,3,4.699600511511528,21.53683933545932
AZURE_JAPAN_EAST -> AWS_US_WEST_1_CALIFORNIA -> AWS_US_WEST_2_OREGON,3,11.142406150166623,87.24234151277813
AWS_US_WEST_2_OREGON -> AWS_US_WEST_1_CALIFORNIA -> AZURE_US_EAST -> GCP_EUROPE_NORTH_1,3,24.06350605368807,130.36435186983738
AWS_EU_NORTH_1_STOCKHOLM -> AWS_EU_CENTRAL_1_FRANKFURT -> AZURE_US_EAST -> AWS_SA_EAST_1_SAO_PAULO,3,10.42986539185297,55.47319170731032
AZURE_BRAZIL_SOUTH -> AZURE_US_EAST -> AWS_US_EAST_2_OHIO -> AWS_US_WEST_2_OREGON,3,3.0444721064330946,20.80371504078505
GCP_US_SOUTH_1 -> GCP_US_CENTRAL_1 -> AWS_US_WEST_2_OREGON,3,28.440708644648595,392.2707909676203
GCP_US_SOUTH_1 -> GCP_US_CENTRAL_1 -> AWS_EU_CENTRAL_1_FRANKFURT,3,55.70897721604587,379.5289519940204
AWS_EU_NORTH_1_STOCKHOLM -> AWS_EU_CENTRAL_1_FRANKFURT -> GCP_US_CENTRAL_1 -> GCP_US_SOUTH_1,3,11.194378874554314,88.93167764867735
AWS_US_WEST_2_OREGON -> AWS_US_WEST_1_CALIFORNIA -> AWS_US_EAST_2_OHIO -> AZURE_BRAZIL_SOUTH,3,33.171686680291394,155.99578612652124
AWS_US_WEST_2_OREGON -> AWS_US_WEST_1_CALIFORNIA -> GCP_US_SOUTH_1 -> AWS_SA_EAST_1_SAO_PAULO,3,14.156964604777347,77.13993905610437
AWS_US_WEST_2_OREGON -> AWS_US_WEST_1_CALIFORNIA -> GCP_US_SOUTH_1 -> GCP_AUSTRALIA_SOUTHEAST_1,3,18.913703496999688,86.16225520226283
AWS_SA_EAST_1_SAO_PAULO -> AZURE_US_EAST -> GCP_US_CENTRAL_1 -> AWS_US_WEST_2_OREGON,3,8.181273183565445,50.04157204576131
AWS_US_WEST_1_CALIFORNIA -> GCP_US_CENTRAL_1 -> AZURE_US_EAST -> AWS_EU_CENTRAL_1_FRANKFURT,3,19.617730088905976,128.7911616930087
AWS_US_EAST_2_OHIO -> AZURE_US_EAST -> AZURE_BRAZIL_SOUTH -> AWS_SA_EAST_1_SAO_PAULO,3,4.990098233094701,45.02034403985704
AWS_US_EAST_2_OHIO -> AWS_EU_CENTRAL_1_FRANKFURT -> AZURE_FRANCE_CENTRAL,3,21.307177453007473,187.9294980593138
AWS_SA_EAST_1_SAO_PAULO -> AWS_US_WEST_2_OREGON -> GCP_ASIA_EAST_1,2,11.248490207721561,43.65359000444198
AWS_US_WEST_1_CALIFORNIA -> AWS_US_EAST_2_OHIO -> AZURE_US_EAST -> AZURE_FRANCE_CENTRAL -> AWS_EU_NORTH_1_STOCKHOLM,2,35.703489935365965,193.77292999943256
AZURE_FRANCE_CENTRAL -> AWS_SA_EAST_1_SAO_PAULO -> AZURE_BRAZIL_SOUTH,2,32.27737225906239,168.34446411590716
AWS_EU_CENTRAL_1_FRANKFURT -> AZURE_FRANCE_CENTRAL -> AWS_SA_EAST_1_SAO_PAULO -> AZURE_BRAZIL_SOUTH,2,1.150473430694428,7.099590547986395
AWS_US_WEST_1_CALIFORNIA -> AZURE_US_EAST -> GCP_US_CENTRAL_1,2,1.6218829279949099,21.3872829747595
GCP_AUSTRALIA_SOUTHEAST_1 -> AZURE_US_EAST -> AWS_SA_EAST_1_SAO_PAULO,2,26.9572305562301,90.728009922382
GCP_EUROPE_NORTH_1 -> AWS_EU_NORTH_1_STOCKHOLM -> AWS_EU_CENTRAL_1_FRANKFURT -> AZURE_FRANCE_CENTRAL -> GCP_ASIA_EAST_1,2,6.339662023810839,30.470625124617527
GCP_AUSTRALIA_SOUTHEAST_1 -> AZURE_FRANCE_CENTRAL -> AZURE_SOUTH_AFRICA_NORTH,2,4.347555113204429,12.922109555445672
AWS_US_WEST_2_OREGON -> AWS_US_WEST_1_CALIFORNIA -> AWS_US_EAST_2_OHIO -> AZURE_US_EAST -> AZURE_BRAZIL_SOUTH,2,13.568234551712019,75.38139759742216
AWS_EU_CENTRAL_1_FRANKFURT -> AWS_US_WEST_1_CALIFORNIA -> AWS_US_WEST_2_OREGON,2,9.409149213780625,64.84884991184515
AWS_US_WEST_1_CALIFORNIA -> AWS_US_EAST_2_OHIO -> GCP_US_SOUTH_1,2,9.168857640160635,114.03879880952309
AWS_US_WEST_1_CALIFORNIA -> AWS_US_EAST_2_OHIO -> AWS_EU_NORTH_1_STOCKHOLM,2,36.14024173030972,193.7121691025145
GCP_EUROPE_NORTH_1 -> AZURE_US_EAST -> GCP_US_CENTRAL_1,2,8.050898546215189,75.53318134352514
GCP_EUROPE_NORTH_1 -> AZURE_FRANCE_CENTRAL -> AZURE_JAPAN_EAST,2,0.634883007696064,3.3834788321262295
AZURE_SOUTH_AFRICA_NORTH -> AZURE_FRANCE_CENTRAL -> AZURE_JAPAN_EAST,2,58.724556971689054,130.7651924608203
GCP_AUSTRALIA_SOUTHEAST_1 -> AWS_US_WEST_2_OREGON -> AWS_US_WEST_1_CALIFORNIA,2,27.571671183652036,148.20453511786923
GCP_EUROPE_NORTH_1 -> GCP_US_CENTRAL_1 -> AWS_US_WEST_1_CALIFORNIA,2,26.170458687875055,159.3171792859083
GCP_EUROPE_NORTH_1 -> AWS_EU_NORTH_1_STOCKHOLM -> AWS_EU_CENTRAL_1_FRANKFURT -> AZURE_FRANCE_CENTRAL,2,2.8484943374486504,86.1868995101886
GCP_EUROPE_NORTH_1 -> AWS_EU_NORTH_1_STOCKHOLM -> AWS_EU_CENTRAL_1_FRANKFURT -> AWS_US_WEST_2_OREGON,2,6.183873134496282,45.06217303120593
AWS_US_WEST_1_CALIFORNIA -> AZURE_US_EAST -> AZURE_FRANCE_CENTRAL -> AWS_EU_NORTH_1_STOCKHOLM,2,25.811715160391113,146.59708607548282
AWS_US_EAST_2_OHIO -> AZURE_FRANCE_CENTRAL -> AWS_EU_CENTRAL_1_FRANKFURT -> AWS_EU_NORTH_1_STOCKHOLM,2,31.629702634151435,249.279914234947
AZURE_FRANCE_CENTRAL -> AZURE_US_EAST -> GCP_US_CENTRAL_1 -> GCP_US_SOUTH_1,2,3.378707147362657,35.34969267469387
GCP_EUROPE_NORTH_1 -> AWS_EU_CENTRAL_1_FRANKFURT -> AZURE_SOUTH_AFRICA_NORTH,2,0.6896606039959046,4.427275071003692
GCP_EUROPE_NORTH_1 -> AWS_EU_NORTH_1_STOCKHOLM -> AZURE_SOUTH_AFRICA_NORTH,2,0.3648000461140155,2.3658284923394604
AZURE_SOUTH_AFRICA_NORTH -> AZURE_FRANCE_CENTRAL -> AZURE_US_EAST -> AWS_US_WEST_1_CALIFORNIA,2,0.9212657655459651,3.901624219511234
AWS_EU_NORTH_1_STOCKHOLM -> AZURE_FRANCE_CENTRAL -> AZURE_US_EAST -> AWS_US_WEST_2_OREGON,2,5.451590622065649,35.64242369601811
AZURE_US_EAST -> GCP_US_CENTRAL_1 -> GCP_US_SOUTH_1,2,24.192920640302063,608.4996281781514
AZURE_FRANCE_CENTRAL -> AZURE_US_EAST -> AWS_US_EAST_2_OHIO -> AWS_US_WEST_2_OREGON,2,2.8468211187447587,23.45184054289075
AWS_EU_NORTH_1_STOCKHOLM -> AWS_EU_CENTRAL_1_FRANKFURT -> AZURE_US_EAST -> AWS_US_EAST_2_OHIO -> AWS_US_WEST_1_CALIFORNIA,2,13.574371593062546,89.04299213561603
AZURE_SOUTH_AFRICA_NORTH -> AWS_EU_CENTRAL_1_FRANKFURT -> AZURE_FRANCE_CENTRAL,2,37.95524528395367,183.6955130649252
AZURE_JAPAN_EAST -> GCP_US_SOUTH_1 -> AZURE_US_EAST,2,35.770048203985965,204.314074957834
AWS_EU_CENTRAL_1_FRANKFURT -> AZURE_US_EAST -> GCP_US_CENTRAL_1 -> AWS_US_WEST_1_CALIFORNIA,2,34.55995451528587,207.536251784726
AWS_EU_CENTRAL_1_FRANKFURT -> AZURE_US_EAST -> GCP_US_CENTRAL_1 -> AWS_US_WEST_2_OREGON,2,19.71883747525735,123.35182849742125
AWS_US_WEST_2_OREGON -> AWS_US_WEST_1_CALIFORNIA -> AZURE_US_EAST -> AWS_SA_EAST_1_SAO_PAULO,2,9.83486396919631,55.39077883358402
AWS_US_WEST_2_OREGON -> AWS_US_WEST_1_CALIFORNIA -> AZURE_US_EAST -> AWS_EU_CENTRAL_1_FRANKFURT,2,13.66237321917094,86.93336700071859
AWS_EU_NORTH_1_STOCKHOLM -> AWS_EU_CENTRAL_1_FRANKFURT -> AZURE_US_EAST -> AZURE_BRAZIL_SOUTH,2,3.6891934925020533,20.95288490307871
AZURE_US_EAST -> GCP_US_SOUTH_1 -> AZURE_JAPAN_EAST,2,64.892854146849,301.4329232788588
AWS_EU_NORTH_1_STOCKHOLM -> AWS_EU_CENTRAL_1_FRANKFURT -> AZURE_US_EAST -> AWS_US_WEST_2_OREGON,2,8.441324530341499,54.08516223575123
AZURE_US_EAST -> GCP_US_SOUTH_1 -> AWS_US_WEST_1_CALIFORNIA,2,4.689866940653388,75.72238308794545
AWS_US_WEST_2_OREGON -> AWS_US_WEST_1_CALIFORNIA -> GCP_US_CENTRAL_1 -> AWS_EU_CENTRAL_1_FRANKFURT,2,2.807438249237091,19.186023575051422
GCP_US_SOUTH_1 -> GCP_US_CENTRAL_1 -> AWS_EU_NORTH_1_STOCKHOLM,2,2.4648565474960122,23.02184512413703
AWS_US_WEST_2_OREGON -> GCP_US_SOUTH_1 -> AZURE_JAPAN_EAST,2,16.194070692881393,93.97504839272392
AZURE_SOUTH_AFRICA_NORTH -> AZURE_FRANCE_CENTRAL -> AWS_EU_NORTH_1_STOCKHOLM -> GCP_EUROPE_NORTH_1,2,5.324180772013925,32.24122037265829
AWS_US_WEST_2_OREGON -> AWS_US_WEST_1_CALIFORNIA -> GCP_EUROPE_NORTH_1,2,37.30030382985883,179.97390275747148
AWS_US_EAST_2_OHIO -> GCP_US_CENTRAL_1 -> AZURE_SOUTH_AFRICA_NORTH,2,37.50263036695992,125.39988235094978
AWS_US_WEST_2_OREGON -> AWS_US_WEST_1_CALIFORNIA -> GCP_US_SOUTH_1 -> AWS_EU_NORTH_1_STOCKHOLM,2,33.92265475685054,164.27593959237345
AWS_US_WEST_1_CALIFORNIA -> GCP_US_CENTRAL_1 -> AZURE_US_EAST -> GCP_EUROPE_NORTH_1,2,27.84596956052988,157.99247401601792
GCP_US_CENTRAL_1 -> AZURE_US_EAST -> GCP_EUROPE_NORTH_1,2,7.392636458391376,69.84571340904586
AWS_US_EAST_2_OHIO -> GCP_US_SOUTH_1 -> GCP_US_CENTRAL_1,2,17.75007434229945,374.74195463948945
AWS_US_EAST_2_OHIO -> AWS_US_WEST_1_CALIFORNIA -> GCP_ASIA_EAST_1,2,20.422425086348937,112.5332318341882
AWS_US_EAST_2_OHIO -> AWS_EU_NORTH_1_STOCKHOLM -> GCP_EUROPE_NORTH_1,2,35.4538213267501,253.7896450032939
AWS_SA_EAST_1_SAO_PAULO -> AWS_US_WEST_1_CALIFORNIA -> GCP_AUSTRALIA_SOUTHEAST_1,1,54.55598032995801,146.53058412032937
AZURE_FRANCE_CENTRAL -> AZURE_US_EAST -> GCP_AUSTRALIA_SOUTHEAST_1,1,1.9650553962700552,9.17585543239295
AWS_EU_NORTH_1_STOCKHOLM -> GCP_EUROPE_NORTH_1 -> GCP_US_CENTRAL_1 -> AWS_US_WEST_1_CALIFORNIA,1,25.967440428015838,147.83040528474396
GCP_US_CENTRAL_1 -> AWS_US_EAST_2_OHIO -> AZURE_US_EAST,1,1.8953898017685835,52.79126998230913
AWS_SA_EAST_1_SAO_PAULO -> AWS_EU_NORTH_1_STOCKHOLM -> GCP_EUROPE_NORTH_1,1,10.460628936490474,55.615999377045
AZURE_BRAZIL_SOUTH -> AWS_SA_EAST_1_SAO_PAULO -> AZURE_SOUTH_AFRICA_NORTH,1,0.4748638220224341,1.8009219922191164
AZURE_BRAZIL_SOUTH -> AWS_SA_EAST_1_SAO_PAULO -> AWS_US_EAST_2_OHIO,1,0.1384172475261288,1.4527414878716627
AZURE_BRAZIL_SOUTH -> AWS_SA_EAST_1_SAO_PAULO -> GCP_AUSTRALIA_SOUTHEAST_1,1,0.3348079446648373,1.4280287500749864
AWS_EU_NORTH_1_STOCKHOLM -> AWS_EU_CENTRAL_1_FRANKFURT -> AZURE_FRANCE_CENTRAL -> AZURE_US_EAST -> AWS_US_WEST_2_OREGON,1,9.774514184332206,60.74291509838781
GCP_AUSTRALIA_SOUTHEAST_1 -> AZURE_FRANCE_CENTRAL -> AWS_EU_CENTRAL_1_FRANKFURT -> AWS_EU_NORTH_1_STOCKHOLM,1,0.43860373242736017,2.0052022158536715
AWS_US_WEST_1_CALIFORNIA -> AWS_EU_CENTRAL_1_FRANKFURT -> AZURE_FRANCE_CENTRAL -> AZURE_SOUTH_AFRICA_NORTH,1,17.354125017277216,59.3379818509805
GCP_US_CENTRAL_1 -> AWS_EU_NORTH_1_STOCKHOLM -> GCP_EUROPE_NORTH_1,1,5.757229325959776,53.9766041986212
AZURE_BRAZIL_SOUTH -> AWS_US_WEST_1_CALIFORNIA -> AWS_US_WEST_2_OREGON,1,0.8331266872916191,5.677430076437304
AWS_SA_EAST_1_SAO_PAULO -> AWS_US_EAST_2_OHIO -> AWS_US_WEST_2_OREGON -> GCP_ASIA_EAST_1,1,11.827089081102288,46.02495204788585
AWS_SA_EAST_1_SAO_PAULO -> AZURE_BRAZIL_SOUTH -> AZURE_US_EAST -> GCP_ASIA_EAST_1,1,73.2128332697942,177.21063648024938
AWS_US_WEST_1_CALIFORNIA -> AZURE_US_EAST -> GCP_US_SOUTH_1,1,0.14419588094524058,1.6928763251983128
AWS_SA_EAST_1_SAO_PAULO -> AZURE_BRAZIL_SOUTH -> AZURE_US_EAST -> AWS_US_EAST_2_OHIO -> AWS_US_WEST_2_OREGON,1,12.664134889254772,76.08266878686777
AZURE_SOUTH_AFRICA_NORTH -> AZURE_US_EAST -> GCP_US_CENTRAL_1 -> GCP_US_SOUTH_1,1,2.4002787329628346,11.096871249010917
AWS_EU_NORTH_1_STOCKHOLM -> AZURE_US_EAST -> GCP_US_CENTRAL_1 -> AWS_US_WEST_1_CALIFORNIA,1,30.600045300877117,171.16506814464128
AWS_EU_NORTH_1_STOCKHOLM -> AZURE_US_EAST -> GCP_US_CENTRAL_1 -> AWS_US_WEST_2_OREGON,1,10.929256082109577,67.6588935530441
AWS_US_WEST_2_OREGON -> AWS_US_WEST_1_CALIFORNIA -> AWS_US_EAST_2_OHIO -> AZURE_US_EAST -> AWS_SA_EAST_1_SAO_PAULO,1,10.818819967156205,60.65047725772092
GCP_AUSTRALIA_SOUTHEAST_1 -> AZURE_JAPAN_EAST -> AZURE_US_EAST,1,2445.0082513028055,472.879362894661
GCP_AUSTRALIA_SOUTHEAST_1 -> AZURE_JAPAN_EAST -> AZURE_FRANCE_CENTRAL,1,2006.0667759185922,388.3786311644904
AZURE_JAPAN_EAST -> AWS_US_WEST_2_OREGON -> AWS_US_EAST_2_OHIO -> AZURE_BRAZIL_SOUTH,1,1.1119197744203582,5.299188918585628
GCP_AUSTRALIA_SOUTHEAST_1 -> AZURE_JAPAN_EAST -> GCP_US_CENTRAL_1,1,2456.3122512260024,476.0386958686321
AWS_US_WEST_2_OREGON -> GCP_US_CENTRAL_1 -> AZURE_US_EAST -> AZURE_FRANCE_CENTRAL -> AZURE_SOUTH_AFRICA_NORTH,1,31.64522224052145,94.93092956872118
GCP_US_SOUTH_1 -> GCP_US_CENTRAL_1 -> AZURE_US_EAST -> AZURE_SOUTH_AFRICA_NORTH,1,0.7406635741639591,3.4543781726705447
AWS_US_WEST_1_CALIFORNIA -> GCP_ASIA_EAST_1 -> AZURE_JAPAN_EAST,1,3.6246834942996506,24.177926557776118
GCP_ASIA_EAST_1 -> AZURE_US_EAST -> AZURE_BRAZIL_SOUTH,1,2.9569920472803934,12.480237127565033
AWS_EU_CENTRAL_1_FRANKFURT -> AWS_US_WEST_2_OREGON -> AZURE_JAPAN_EAST,1,5.962203148092886,29.784447300086924
GCP_AUSTRALIA_SOUTHEAST_1 -> GCP_US_CENTRAL_1 -> AWS_US_EAST_2_OHIO,1,8.642472168998157,51.243112715610664
GCP_ASIA_EAST_1 -> AZURE_JAPAN_EAST -> AZURE_FRANCE_CENTRAL,1,175.329824227362,326.7365626247945
AWS_US_WEST_2_OREGON -> AWS_US_WEST_1_CALIFORNIA -> GCP_US_SOUTH_1 -> AWS_SA_EAST_1_SAO_PAULO -> AZURE_BRAZIL_SOUTH,1,23.12804522293993,113.5385445568046
AWS_SA_EAST_1_SAO_PAULO -> AZURE_BRAZIL_SOUTH -> AWS_US_WEST_1_CALIFORNIA -> AWS_US_WEST_2_OREGON,1,38.66804863715414,183.25965613659662
GCP_AUSTRALIA_SOUTHEAST_1 -> AZURE_JAPAN_EAST -> AZURE_US_EAST -> AWS_US_EAST_2_OHIO,1,2317.250914628735,448.32214324440923
AZURE_US_EAST -> AWS_US_EAST_2_OHIO -> AWS_US_WEST_2_OREGON -> AZURE_JAPAN_EAST,1,3.5062015628079855,28.434996859093303
GCP_AUSTRALIA_SOUTHEAST_1 -> GCP_ASIA_EAST_1 -> AWS_US_WEST_1_CALIFORNIA,1,2389.641073391417,470.42446542885403
GCP_AUSTRALIA_SOUTHEAST_1 -> GCP_ASIA_EAST_1 -> AWS_US_WEST_2_OREGON,1,2453.395097004447,483.6765303525118
AWS_US_WEST_2_OREGON -> AWS_US_WEST_1_CALIFORNIA -> AWS_US_EAST_2_OHIO -> AZURE_FRANCE_CENTRAL -> AZURE_SOUTH_AFRICA_NORTH,1,24.18133386115235,76.84011189255864
AWS_US_WEST_1_CALIFORNIA -> AWS_US_WEST_2_OREGON -> GCP_US_CENTRAL_1,1,23.45928789393208,283.3546829899294
AWS_US_WEST_1_CALIFORNIA -> AWS_US_WEST_2_OREGON -> AWS_SA_EAST_1_SAO_PAULO,1,19.898430103468687,109.63993945372192
AWS_US_WEST_1_CALIFORNIA -> AWS_US_WEST_2_OREGON -> AWS_EU_NORTH_1_STOCKHOLM,1,60.96155120386834,266.0438995096624
GCP_EUROPE_NORTH_1 -> AZURE_FRANCE_CENTRAL -> GCP_AUSTRALIA_SOUTHEAST_1,1,22.16480809882292,80.53134645458596
AWS_SA_EAST_1_SAO_PAULO -> AZURE_BRAZIL_SOUTH -> AWS_EU_CENTRAL_1_FRANKFURT -> AWS_EU_NORTH_1_STOCKHOLM,1,36.27773059991487,158.77624009373164
AWS_US_WEST_2_OREGON -> AWS_US_WEST_1_CALIFORNIA -> GCP_US_CENTRAL_1 -> AZURE_US_EAST -> AZURE_FRANCE_CENTRAL,1,10.303153470285054,67.88082115573934
AWS_US_WEST_2_OREGON -> AWS_US_WEST_1_CALIFORNIA -> GCP_US_CENTRAL_1 -> AZURE_US_EAST -> AZURE_SOUTH_AFRICA_NORTH,1,27.95923515974772,84.56554877281582
AWS_US_WEST_2_OREGON -> GCP_US_CENTRAL_1 -> AZURE_US_EAST -> AWS_EU_CENTRAL_1_FRANKFURT,1,18.17922886070866,114.84000747836353
GCP_AUSTRALIA_SOUTHEAST_1 -> GCP_US_SOUTH_1 -> AWS_US_WEST_1_CALIFORNIA,1,10.342592249313801,57.98950352837642
GCP_AUSTRALIA_SOUTHEAST_1 -> AZURE_JAPAN_EAST -> GCP_US_CENTRAL_1 -> GCP_US_SOUTH_1,1,2300.545948158087,447.48086607018564
AWS_SA_EAST_1_SAO_PAULO -> AZURE_FRANCE_CENTRAL -> AWS_EU_CENTRAL_1_FRANKFURT -> GCP_EUROPE_NORTH_1,1,18.72941016026986,90.75949127303033
GCP_EUROPE_NORTH_1 -> GCP_US_CENTRAL_1 -> GCP_US_SOUTH_1,1,343.3305589375669,727.3297236577258
AZURE_JAPAN_EAST -> AWS_US_WEST_2_OREGON -> AWS_US_EAST_2_OHIO -> AZURE_US_EAST -> AWS_SA_EAST_1_SAO_PAULO,1,1.393904920060577,6.600441918491072
AWS_US_WEST_2_OREGON -> AWS_US_EAST_2_OHIO -> AZURE_US_EAST -> AZURE_BRAZIL_SOUTH -> AWS_SA_EAST_1_SAO_PAULO,1,25.730377041050367,131.97062712347474
AZURE_JAPAN_EAST -> AWS_US_WEST_2_OREGON -> AWS_US_EAST_2_OHIO -> AZURE_US_EAST -> AZURE_BRAZIL_SOUTH,1,1.7480514668598326,8.34233577289956
GCP_AUSTRALIA_SOUTHEAST_1 -> AWS_EU_NORTH_1_STOCKHOLM -> AWS_EU_CENTRAL_1_FRANKFURT,1,2078.2922257769264,402.68343295473875
AZURE_JAPAN_EAST -> AZURE_BRAZIL_SOUTH -> AWS_SA_EAST_1_SAO_PAULO,1,0.3901181531548554,1.8358317896651215
AWS_US_EAST_2_OHIO -> AZURE_FRANCE_CENTRAL -> AWS_EU_NORTH_1_STOCKHOLM -> GCP_EUROPE_NORTH_1,1,2.726871574114399,24.444832591358136
AZURE_JAPAN_EAST -> GCP_US_CENTRAL_1 -> AZURE_US_EAST,1,30.908355688746298,176.44575903096165
AZURE_JAPAN_EAST -> GCP_US_CENTRAL_1 -> GCP_US_SOUTH_1,1,1592.9855289869977,743.3015277835092
AZURE_SOUTH_AFRICA_NORTH -> AZURE_FRANCE_CENTRAL -> AZURE_US_EAST -> GCP_US_CENTRAL_1,1,0.15616426290348429,0.7601779949005163
AZURE_JAPAN_EAST -> GCP_ASIA_EAST_1 -> GCP_AUSTRALIA_SOUTHEAST_1,1,1472.798448925219,686.2667012273145
AZURE_JAPAN_EAST -> GCP_ASIA_EAST_1 -> AWS_US_WEST_1_CALIFORNIA,1,1398.3022910700745,654.7793127483471
AZURE_JAPAN_EAST -> GCP_ASIA_EAST_1 -> AWS_US_WEST_2_OREGON,1,1458.4891559862083,682.3583816263769
AWS_US_WEST_2_OREGON -> AWS_EU_CENTRAL_1_FRANKFURT -> AZURE_FRANCE_CENTRAL -> GCP_EUROPE_NORTH_1,1,76.97575086651318,301.60869149987053
AZURE_US_EAST -> GCP_EUROPE_NORTH_1 -> AWS_EU_NORTH_1_STOCKHOLM,1,3.5655307474938085,39.95043003169076
AWS_US_WEST_2_OREGON -> AZURE_US_EAST -> GCP_US_CENTRAL_1,1,4.337364787310168,48.23579060129077
AWS_EU_CENTRAL_1_FRANKFURT -> AZURE_US_EAST -> GCP_US_CENTRAL_1 -> GCP_AUSTRALIA_SOUTHEAST_1,1,44.583784631969564,141.56488100286856
AWS_EU_CENTRAL_1_FRANKFURT -> AZURE_US_EAST -> GCP_US_CENTRAL_1 -> GCP_US_SOUTH_1,1,23.345948295984428,188.68047582770816
AWS_US_WEST_2_OREGON -> AZURE_FRANCE_CENTRAL -> GCP_EUROPE_NORTH_1,1,38.140984291346754,185.3251584218212
AZURE_JAPAN_EAST -> AWS_US_WEST_1_CALIFORNIA -> GCP_US_CENTRAL_1,1,22.46728156975607,156.8343114418766
AWS_EU_NORTH_1_STOCKHOLM -> GCP_EUROPE_NORTH_1 -> AZURE_FRANCE_CENTRAL,1,1.8356501382147112,42.967911280058615
GCP_US_CENTRAL_1 -> AZURE_US_EAST -> AZURE_FRANCE_CENTRAL -> AZURE_SOUTH_AFRICA_NORTH,1,0.19975499889991633,0.9706560922683138
AWS_US_WEST_2_OREGON -> AWS_US_WEST_1_CALIFORNIA -> AZURE_US_EAST -> AWS_US_EAST_2_OHIO,1,9.00511235470994,102.79360390220427
AWS_US_WEST_2_OREGON -> AWS_US_WEST_1_CALIFORNIA -> AZURE_FRANCE_CENTRAL -> AZURE_SOUTH_AFRICA_NORTH,1,16.27198544638702,54.58756878218645
AWS_US_WEST_2_OREGON -> AWS_US_WEST_1_CALIFORNIA -> AZURE_FRANCE_CENTRAL -> AWS_EU_CENTRAL_1_FRANKFURT,1,1.4146355144007514,9.958309503711462
AWS_US_WEST_1_CALIFORNIA -> AZURE_US_EAST -> AWS_EU_CENTRAL_1_FRANKFURT -> AWS_EU_NORTH_1_STOCKHOLM,1,45.20993817596434,235.47748632133653
GCP_US_SOUTH_1 -> AZURE_US_EAST -> AWS_SA_EAST_1_SAO_PAULO,1,62.929977668140566,341.8341004524732
AWS_EU_NORTH_1_STOCKHOLM -> AZURE_FRANCE_CENTRAL -> AWS_SA_EAST_1_SAO_PAULO -> AZURE_BRAZIL_SOUTH,1,4.7071316866944475,26.43439377468087
AZURE_US_EAST -> GCP_US_SOUTH_1 -> AWS_US_WEST_2_OREGON,1,0.12854296981394023,1.9474173046673968
AZURE_US_EAST -> AWS_US_WEST_1_CALIFORNIA -> AWS_US_WEST_2_OREGON,1,7.831843054366266,104.16941311913934
AWS_US_WEST_1_CALIFORNIA -> AWS_US_EAST_2_OHIO -> AZURE_FRANCE_CENTRAL -> AWS_EU_CENTRAL_1_FRANKFURT -> AWS_EU_NORTH_1_STOCKHOLM,1,21.155791444278922,130.2956901663423
AWS_US_WEST_1_CALIFORNIA -> AWS_US_EAST_2_OHIO -> AZURE_FRANCE_CENTRAL -> GCP_EUROPE_NORTH_1,1,9.918266578800042,66.96359391464205
AWS_US_WEST_2_OREGON -> AWS_US_WEST_1_CALIFORNIA -> GCP_US_CENTRAL_1 -> AWS_US_EAST_2_OHIO,1,7.021195025577313,82.71915150863515
AWS_US_WEST_2_OREGON -> AWS_US_WEST_1_CALIFORNIA -> GCP_US_CENTRAL_1 -> GCP_US_SOUTH_1,1,5.751116901886223,75.15504325810912
AWS_SA_EAST_1_SAO_PAULO -> AZURE_US_EAST -> AZURE_FRANCE_CENTRAL -> AZURE_SOUTH_AFRICA_NORTH,1,42.282513844461405,108.96317899220611
AWS_EU_NORTH_1_STOCKHOLM -> AWS_US_WEST_2_OREGON -> AZURE_JAPAN_EAST,1,1.9965606150429553,10.374246860545554
GCP_US_SOUTH_1 -> GCP_US_CENTRAL_1 -> GCP_EUROPE_NORTH_1,1,9.437679641371915,80.75300772684693
AWS_EU_NORTH_1_STOCKHOLM -> AWS_EU_CENTRAL_1_FRANKFURT -> GCP_US_CENTRAL_1 -> AWS_US_WEST_2_OREGON,1,0.982259753812367,6.680592925890551
AWS_US_WEST_2_OREGON -> AWS_US_WEST_1_CALIFORNIA -> AWS_US_EAST_2_OHIO -> GCP_EUROPE_NORTH_1,1,28.11435855738862,147.48578249839738
AWS_US_WEST_2_OREGON -> AWS_US_WEST_1_CALIFORNIA -> AWS_US_EAST_2_OHIO -> AZURE_FRANCE_CENTRAL,1,30.01739768909693,179.96748893840572
AWS_US_WEST_2_OREGON -> AWS_US_WEST_1_CALIFORNIA -> AWS_US_EAST_2_OHIO -> AZURE_SOUTH_AFRICA_NORTH,1,20.454249482105098,68.38518202810803
AWS_US_WEST_2_OREGON -> AWS_US_WEST_1_CALIFORNIA -> GCP_US_SOUTH_1 -> AZURE_SOUTH_AFRICA_NORTH,1,5.810707966089648,21.225005286159615
AWS_US_EAST_2_OHIO -> GCP_US_CENTRAL_1 -> AZURE_US_EAST,1,3.4142034122881095,73.05312005508677
AWS_EU_NORTH_1_STOCKHOLM -> AWS_EU_CENTRAL_1_FRANKFURT -> AWS_US_EAST_2_OHIO -> AWS_US_WEST_2_OREGON,1,2.858255674584596,20.830930040759313
AWS_EU_NORTH_1_STOCKHOLM -> AWS_EU_CENTRAL_1_FRANKFURT -> AWS_US_EAST_2_OHIO -> AWS_US_WEST_1_CALIFORNIA,1,8.009185249500057,55.107812497808595
AWS_US_WEST_2_OREGON -> AWS_US_WEST_1_CALIFORNIA -> GCP_US_SOUTH_1 -> AWS_EU_CENTRAL_1_FRANKFURT,1,17.041960197353568,100.35109422524806
AWS_US_WEST_2_OREGON -> AWS_EU_NORTH_1_STOCKHOLM -> AWS_EU_CENTRAL_1_FRANKFURT,1,12.04113601891996,80.2850418351336
AWS_EU_CENTRAL_1_FRANKFURT -> AWS_US_EAST_2_OHIO -> GCP_US_CENTRAL_1 -> AWS_US_WEST_1_CALIFORNIA,1,33.61569899478563,174.5899285468737
AWS_US_EAST_2_OHIO -> AZURE_US_EAST -> GCP_US_CENTRAL_1 -> GCP_AUSTRALIA_SOUTHEAST_1,1,69.70470572672166,248.29234371810134
AZURE_BRAZIL_SOUTH -> AZURE_US_EAST -> GCP_EUROPE_NORTH_1,1,9.096633629127547,50.355356168123876
AZURE_BRAZIL_SOUTH -> AZURE_US_EAST -> GCP_ASIA_EAST_1,1,1.1272943112398526,4.796759515622512
AWS_EU_NORTH_1_STOCKHOLM -> GCP_EUROPE_NORTH_1 -> AZURE_FRANCE_CENTRAL -> GCP_ASIA_EAST_1,1,3.1202778140852,14.788228171401954
AWS_US_EAST_2_OHIO -> AZURE_US_EAST -> GCP_EUROPE_NORTH_1 -> AWS_EU_NORTH_1_STOCKHOLM,1,77.94154481432247,446.54210736644495
AWS_SA_EAST_1_SAO_PAULO -> AZURE_BRAZIL_SOUTH -> AWS_US_EAST_2_OHIO -> AWS_US_WEST_2_OREGON -> AZURE_JAPAN_EAST,1,43.957343335090414,146.47833081155045
AWS_US_EAST_2_OHIO -> AWS_US_WEST_2_OREGON -> GCP_AUSTRALIA_SOUTHEAST_1,1,9.167967913123787,53.157602328495614
AZURE_BRAZIL_SOUTH -> AWS_US_EAST_2_OHIO -> AWS_US_WEST_2_OREGON -> AZURE_JAPAN_EAST,1,2.8216087725398813,13.53295321421973
